dbo,spBIOFACCLIDelBiometriaFacialCliente,DB_CLIENTES
dbo,spCliAUtInsEnrolamientoCM,DB_CLIENTES
dbo,spCLIAUTSelInfoClienteAutorizado,DB_CLIENTES
dbo,spCLIAUTSelInformacionGeneral,DB_CLIENTES
dbo,spCLIDAVSelClienteDavivienda,DB_CLIENTES
dbo,spCLIDOCInsInsertarImagenEnrolamiento,DB_CLIENTES
dbo,spCLIDOCSelConsultarImagenesDoc,DB_CLIENTES
dbo,spCLIENREGISTUpdCambiarEstadoWeb,DB_CLIENTES
dbo,spCLINOREGInsClienteNoRegistrado,DB_CLIENTES
dbo,spCLINOREGSelClienteNoRegistrado,DB_CLIENTES
dbo,spCLINOREGSelConsultaClienteExiste,DB_CLIENTES
dbo,spCLIREGSelConsultarClienteFactura,DB_CLIENTES
dbo,spCLIREGSelConsultarInfoBasica,DB_CLIENTES
dbo,spCliRegSelCorreoCliente,DB_CLIENTES
dbo,spCLIREGSelDatosColsubsidio,DB_CLIENTES
dbo,spCLIREGSelDatosPersonales,DB_CLIENTES
dbo,spCLIREGSelMunExp,DB_CLIENTES
dbo,spCLIREGSelReporteEnrolamiento,DB_CLIENTES
dbo,spCLIREGSelTratamientoDatos,DB_CLIENTES
dbo,spCLIREGUpdActualizacionDatosPersonales,DB_CLIENTES
dbo,spCliRegUpdCorreoCliente,DB_CLIENTES
dbo,spDATLISVINCLISelListaCombos,DB_CLIENTES
dbo,spDETUIAFSelConsultaListaClienteUIAF,DB_CLIENTES
dbo,spHISDATCLIInsAgregarReclamo,DB_CLIENTES
dbo,spHISDATCLIInsAutDatos,DB_CLIENTES
dbo,spHISDATCLIInsTratamientoDatos,DB_CLIENTES
dbo,spHISDATCLISelConsultaReclamo,DB_CLIENTES
dbo,spHISDATCLIUpdCambioEstadoReclamo,DB_CLIENTES
dbo,spHISDEUIInsRegistraClienteHistoricoUIAF,DB_CLIENTES
dbo,SpLnCLIDelPortafolioCliente,DB_CLIENTES
dbo,SpLnCLIInsClienteHuella,DB_CLIENTES
dbo,SpLnCLIInsClienteNaturalHuella,DB_CLIENTES
dbo,SpLnCLIModClienteHuella,DB_CLIENTES
dbo,spLnCLISelClienteRegistrado,DB_CLIENTES
dbo,spLnCLISelHuellasClienteNatural,DB_CLIENTES
dbo,SpLnCLISelPortafolioCliente,DB_CLIENTES
dbo,SpLnCLIUpdActualizarClienteXId,DB_CLIENTES
dbo,SpLnCLIUpdClienteRegistrado,DB_CLIENTES
dbo,spLnCLIUpdHuellaClienteNatural,DB_CLIENTES
dbo,SpLnCLIUpdPortafolioCliente,DB_CLIENTES
dbo,SpLnDETUIAFSelConsultarDatosUIAF,DB_CLIENTES
dbo,SpLnDETUIAFUpdActualizarDatosUIAF,DB_CLIENTES
dbo,SpMAEHUEUpdClienteHuellaIso,DB_CLIENTES
dbo,spSOLPSUpdAprobarSolicitudHuella,DB_CLIENTES
dbo,spTIPIDESelTipoIdentificacion,DB_CLIENTES
dbo,spAUDATAInsAuditoria,DB_LOGAPPSERVER
dbo,spAUDDATInsAuditoriaDatafono,DB_LOGAPPSERVER
dbo,spAUDInsExcepcionesDG,DB_LOGAPPSERVER
dbo,spAUDInsExcepcionesGE,DB_LOGAPPSERVER
dbo,spAUDInsExcepcionesPES,DB_LOGAPPSERVER
dbo,spAUDInsInstrumentacionDG,DB_LOGAPPSERVER
dbo,spAUDInsInstrumentacionGE,DB_LOGAPPSERVER
dbo,spAUDInsInstrumentacionPES,DB_LOGAPPSERVER
dbo,spAUDINTCBInsAuditoriaIntegracionCB,DB_LOGAPPSERVER
dbo,spAUDINTLOTInsAuditoriaIntegracionLOT,DB_LOGAPPSERVER
dbo,spAUDRECInsAuditoriaRecomendacion,DB_LOGAPPSERVER
dbo,SpAUDSISRECInsReg,DB_LOGAPPSERVER
dbo,spAUDSOCCBInsAuditoriaSocket,DB_LOGAPPSERVER
dbo,spCliAUtInsAudEnrolamientoCM,DB_LOGAPPSERVER
dbo,spCONREGBIOSelParametrosBiometricos,DB_LOGAPPSERVER
dbo,spECOEVELOGSelHistoricoBilleteraEV,DB_LOGAPPSERVER
dbo,spInsAuditoriaIntegracion,DB_LOGAPPSERVER
dbo,spInsAuditoriaIntegraciones,DB_LOGAPPSERVER
dbo,spInsAuditoriaTransaccionCB,DB_LOGAPPSERVER
dbo,spInsAuditoriaValidaIdentidad,DB_LOGAPPSERVER
dbo,spLnAUDInsInstrumentacion,DB_LOGAPPSERVER
dbo,spLnAUDInsInstrumentacionExcepciones,DB_LOGAPPSERVER
dbo,SpLnCOMPInsConfirmarCompensacionRecargas,DB_LOGAPPSERVER
dbo,spLnCOMPInsRecibirCompensacionRecargas,DB_LOGAPPSERVER
dbo,spLnTRAInsSeguimientoInicial,DB_LOGAPPSERVER
dbo,spLnTRAInsTxReejecutable,DB_LOGAPPSERVER
dbo,spLnTRASelEstadoXIdTransaccion,DB_LOGAPPSERVER
dbo,spLnTRASelSeguimientoTodasTransacciones,DB_LOGAPPSERVER
dbo,spLnTRASelSeguimientoXIdTransaccion,DB_LOGAPPSERVER
dbo,spLnTRAUpdEstadoTx,DB_LOGAPPSERVER
dbo,spLOGTRANInsOperacionesXProcesar,DB_LOGAPPSERVER
dbo,spMEDENVOPEInsRegistro,DB_LOGAPPSERVER
dbo,spSelLOGTRAOperacionesMaxProces,DB_LOGAPPSERVER
dbo,spSelLOGTRAOperacionesNoProcesadas,DB_LOGAPPSERVER
dbo,spUpdAuditoriaSieWebDG,DB_LOGAPPSERVER
dbo,spUpLOGTRAOperacionesMaxProcesCorreo,DB_LOGAPPSERVER
dbo,spActProyectoExtImagen,DEVSIEWEB
dbo,spActValoresTributarioCliProExt,DEVSIEWEB
dbo,spACUTOPATRConsultarAcumuladoDiarioTopesAtribucion,DEVSIEWEB
dbo,spAcuUpdActualizarAcumuladoDiario,DEVSIEWEB
dbo,spADIDESDelNovedadAdicionesyDescuentos,DEVSIEWEB
dbo,spADIDESInsNovedadAdicionesyDescuentos,DEVSIEWEB
dbo,spADIDESPENDelNovedadPendiente,DEVSIEWEB
dbo,spADIDESPENInsNovedadPendiente,DEVSIEWEB
dbo,spADIDESUpdNovedadAdicionesyDescuentos,DEVSIEWEB
dbo,spADMARCInsArchivoFormulario,DEVSIEWEB
dbo,spADMARCSelArchivosFormulario,DEVSIEWEB
dbo,spADMARCSelFormularioPDF,DEVSIEWEB
dbo,spADMARCUpdEstadoArchivo,DEVSIEWEB
dbo,spADMARCUpdFormularioPDF,DEVSIEWEB
dbo,spAFISelConsultarPuntosAfiliado,DEVSIEWEB
dbo,spAGENOTCORDelAgendaNotificacion,DEVSIEWEB
dbo,spAGENOTCORIntAgendaNotificacion,DEVSIEWEB
dbo,spAGENOTCORUpdAgendaNotificacion,DEVSIEWEB
dbo,spAPLBLOInsRegistros,DEVSIEWEB
dbo,spAPLBLOPAPSelRegistros,DEVSIEWEB
dbo,spAPLBLOREDDelRegistro,DEVSIEWEB
dbo,spAPLBLOREDSelListaRed,DEVSIEWEB
dbo,spAPLBLOREDSelRegistros,DEVSIEWEB
dbo,spAPLBLOSelInformacionGeneral,DEVSIEWEB
dbo,spAPLBLOSelRegistros,DEVSIEWEB
dbo,spAPLBLOUpdRegistros,DEVSIEWEB
dbo,spAPLSOAInsAplicacionSOA,DEVSIEWEB
dbo,spAPLSOASelAplicacionesSOA,DEVSIEWEB
dbo,spAPLSOASelConfiguracionQRPorTipo,DEVSIEWEB
dbo,spAPLSOAUpdAplicacionesSOA,DEVSIEWEB
dbo,spAPRLOTCORInsAprobacion,DEVSIEWEB
dbo,spAPRLOTCORSelAprobaciones,DEVSIEWEB
dbo,spAprobarSolicitudActivacion,DEVSIEWEB
dbo,spAprobarSolicitudCambioBeneficiario,DEVSIEWEB
dbo,spAprobarSolicitudDevolucion,DEVSIEWEB
dbo,spARCFORDelArchivoFormulario,DEVSIEWEB
dbo,spARCFORInsArchivoFormulario,DEVSIEWEB
dbo,spARCFORSelArchivoFormularioXId,DEVSIEWEB
dbo,spARCFORSelArchivosDatosFormulario,DEVSIEWEB
dbo,spARCFORUpdArchivoFormulario,DEVSIEWEB
dbo,spArchAnticInsCargueArchivosAnticipos,DEVSIEWEB
dbo,spArchAnticUpdCargueArchivosAnticipos,DEVSIEWEB
dbo,spArchTransDelEliminarArchTransp,DEVSIEWEB
dbo,spArchTransDispersionUpdRegTransp,DEVSIEWEB
dbo,spArchTransInsCargueArchivosRegistros,DEVSIEWEB
dbo,spArchTransInsCargueArchivosTransportadora,DEVSIEWEB
dbo,spArchTransSelConsultarArchivosTV,DEVSIEWEB
dbo,spArchTransSelConsultarMDCOyMDCD,DEVSIEWEB
dbo,spArchTransSelConsultarRegBDTransp,DEVSIEWEB
dbo,spArchTransSelConsultarRegistrosTV,DEVSIEWEB
dbo,spArchTransUpdActualizarArchTransp,DEVSIEWEB
dbo,spArchTransUpdActualizarRegTransp,DEVSIEWEB
dbo,spARCTRACalcularValoresArchivoTV,DEVSIEWEB
dbo,spARCTRAGuardarCustodiaTransportadora,DEVSIEWEB
dbo,spARCTRASelArchivoPorNombreArchivo,DEVSIEWEB
dbo,spARCTRAUptLiberarCustodiaTransportadora,DEVSIEWEB
dbo,spASGVIRANUInsTXAnuladaDatafono,DEVSIEWEB
dbo,spASGVIRTRSelNumTrace,DEVSIEWEB
dbo,spASIPAPTRAInsAsignacionTransportadoraPAP,DEVSIEWEB
dbo,SpASIPAPTRASelAsignacionesTransportadoraPAP,DEVSIEWEB
dbo,spASIPAPTRASelConsultarTransportadoraAsignadaPAP,DEVSIEWEB
dbo,SpASIPAPTRASelHorariosAsignacionTranportadoraPAP,DEVSIEWEB
dbo,SpASIPAPTRASelPapAsignado,DEVSIEWEB
dbo,spASIPAPTRAUpdEstadoAsignacionTransportadoraPAP,DEVSIEWEB
dbo,spASIVIRCBSelConsultarNumeroCB,DEVSIEWEB
dbo,spASIVIRFVSelAsignacionVirtualFV,DEVSIEWEB
dbo,spASIVIRLOTSelNumeroLoteria,DEVSIEWEB
dbo,spASIVIRPROPAGSelAsignacionVirtualPP,DEVSIEWEB
dbo,spAUDPROLOTInsAuditoriaProyectoLoteria,DEVSIEWEB
dbo,spAUDSOASelValidarEstados,DEVSIEWEB
dbo,spAUDUSUInsRegistro,DEVSIEWEB
dbo,spAUDUSUSelHistorial,DEVSIEWEB
dbo,spAUTTOPPARDelTopesCajasTemp,DEVSIEWEB
dbo,spAUTTOPPARInsTopesCajasTemp,DEVSIEWEB
dbo,spAUTTOPPARSelTopesCajasTemp,DEVSIEWEB
dbo,spAUTTOPPARUpdTopesCajasTemp,DEVSIEWEB
dbo,spBANSelPorNombreBanco,DEVSIEWEB
dbo,spBASCREEPISelConsultaCredito,DEVSIEWEB
dbo,spBASCREEPIUpdContadorIntentos,DEVSIEWEB
dbo,spBASCREEPIUpdCreditoEpik,DEVSIEWEB
dbo,spBenAntSelBeneficiariosAnticipos,DEVSIEWEB
dbo,spBenAntSelBeneficiariosPrincipalAntic,DEVSIEWEB
dbo,spBENANTSelConsultarBeneficiarios,DEVSIEWEB
dbo,spBENANTUpdBeneficiarios,DEVSIEWEB
dbo,spBENFMADelInformacion,DEVSIEWEB
dbo,spBENFMAInsInformacion,DEVSIEWEB
dbo,spBENFMASelInformacion,DEVSIEWEB
dbo,spBLOCUECORInsNuevaCuenta,DEVSIEWEB
dbo,spBLOCUECORSelConsultarCuenta,DEVSIEWEB
dbo,spBLOCUECORSelConsultarCuentas,DEVSIEWEB
dbo,spBLOCUECORSelValidarCuentasBloqueadas,DEVSIEWEB
dbo,spBLOCUECORUpdActualizarCuenta,DEVSIEWEB
dbo,spBLOTOPInsBloqueosPorTopes,DEVSIEWEB
dbo,SpBLOUSUDelRetirarBloqueoUsuario,DEVSIEWEB
dbo,SpBLOUSUInsUsuarios,DEVSIEWEB
dbo,SpBLOUSUSelHistorialUsuarios,DEVSIEWEB
dbo,SpBLOUSUSelUsuarios,DEVSIEWEB
dbo,spBLOUSUSelValidaDocumento,DEVSIEWEB
dbo,spBLOUSUSelValidarUsuarioBloqueado,DEVSIEWEB
dbo,SpBLOUSUUpdUsuarios,DEVSIEWEB
dbo,spCABRETSelConsultarCabecerasEnError,DEVSIEWEB
dbo,SpCajSelAsignacionSerieTerminal,DEVSIEWEB
dbo,spCAJSelCajaPSTerminalPortable,DEVSIEWEB
dbo,spCAJSelCajaSinTP,DEVSIEWEB
dbo,spCAJSelCantidadCajasPS,DEVSIEWEB
dbo,spCAJSelConsultarDatosCaja,DEVSIEWEB
dbo,spCAJSelConsultarDatosCajaPS,DEVSIEWEB
dbo,SpCajSelObligatoriedadDigitalizacion,DEVSIEWEB
dbo,spCAJUpdAuditoria,DEVSIEWEB
dbo,SpCajUpdDatosDatafoniaCaja,DEVSIEWEB
dbo,SpCajUpdDatosDatafoniaCajaCapturaCedula,DEVSIEWEB
dbo,spCAJUpdGuardarDatosMaquina,DEVSIEWEB
dbo,SpCajUpdObligatoriedadDigitalizacion,DEVSIEWEB
dbo,spCAJUpdProgramasActivos,DEVSIEWEB
dbo,spCalculoCumplimientoPAP,DEVSIEWEB
dbo,spCALROLPROUpdAcumularRollosEnviadosMes,DEVSIEWEB
dbo,spCambiaEstadoSolicitud,DEVSIEWEB
dbo,SpCarArchDTSSelTiposArchivosCarga,DEVSIEWEB
dbo,SpCarArchDTSSelTiposArchivosDescarga,DEVSIEWEB
dbo,spCARARCRESInsBonosResarcimiento,DEVSIEWEB
dbo,spCARARCRESSelDetallesCargaBonos,DEVSIEWEB
dbo,spCARARCRESUpdEstadoVigenciaLote,DEVSIEWEB
dbo,spCARCLISelConsultarDatosCargos,DEVSIEWEB
dbo,spCARGIEMDelConsultaArchivoCarga,DEVSIEWEB
dbo,spCARGIEMInsConsultaArchivoCarga,DEVSIEWEB
dbo,spCARGIEMUpdConsultaArchivoCarga,DEVSIEWEB
dbo,spCARPLAALTInsPlanAlterno,DEVSIEWEB
dbo,spCARPLAALTSelCarguePlanesAlternos,DEVSIEWEB
dbo,spCARSelObtenerCargos,DEVSIEWEB
dbo,spCARTRAInsRegistraCartaTrasportadora,DEVSIEWEB
dbo,spCDCSelTimestampNow,DEVSIEWEB
dbo,spCELDAVSelCelularDavivienda,DEVSIEWEB
dbo,spCHAWEBPOSSelMensajesActivos,DEVSIEWEB
dbo,spCHAWEBPOSUpdEstadoMensaje,DEVSIEWEB
dbo,spCLIBNTSelPinBotonPago,DEVSIEWEB
dbo,spCLICELInsCelularCliente,DEVSIEWEB
dbo,spCLICELSelCelularCliente,DEVSIEWEB
dbo,spCLICELUpdCelularCliente,DEVSIEWEB
dbo,SpClientSelClientesEmpre,DEVSIEWEB
dbo,spCLIPROPAGSelConsultarLotesPS,DEVSIEWEB
dbo,spCLIPROPAGSelConsultarRegistroLote,DEVSIEWEB
dbo,spCLIPROPAGUpdActualizarLotePS,DEVSIEWEB
dbo,spCLIPROPAGUpdActualizarPSRegistroLote,DEVSIEWEB
dbo,spCLIPROPAGUpdAnularLotePS,DEVSIEWEB
dbo,spCLIPROPAGUpdAnularLotes,DEVSIEWEB
dbo,spCLIPROPAGUpdAnularRegistroLote,DEVSIEWEB
dbo,spCLIPROPAGUpdLiberarLotesSCF,DEVSIEWEB
dbo,spCLIPROPAGUpdValidarLotePS,DEVSIEWEB
dbo,spCLIPROPAGUpdValidarPsLotes,DEVSIEWEB
dbo,spCLIPROPAGUpdValidarPsLotesPs,DEVSIEWEB
dbo,spCLIPROPAGUpdValidarRegistroLote,DEVSIEWEB
dbo,spCLIPROSelLiquidacionAgrupada,DEVSIEWEB
dbo,spCliSelClienteEmpresarial,DEVSIEWEB
dbo,spCLISelClientePasarela,DEVSIEWEB
dbo,SPCLISelClientesPorRazonSocial,DEVSIEWEB
dbo,SPCLISelClientesRazonSocialIdentificacion,DEVSIEWEB
dbo,SpCLIselClientesUsuario,DEVSIEWEB
dbo,spCLISelConsultarClientesGiroEmpresarial,DEVSIEWEB
dbo,spCLISelCorreoClienteGEnumeroident,DEVSIEWEB
dbo,spCLISelCorreoClienteGiroempresarial,DEVSIEWEB
dbo,spCLISelNitCliente,DEVSIEWEB
dbo,spCliSelValorTributarioClienteProyecto,DEVSIEWEB
dbo,spCLIUpdActualizarEstadosCliente,DEVSIEWEB
dbo,spCLIUSUSelConsultarUsuariosPorCliente,DEVSIEWEB
dbo,spCLIUSUselxUsuCodigo,DEVSIEWEB
dbo,spCODBARSelCampoCodigoBarras,DEVSIEWEB
dbo,spCODRESCORSelCodigoRespuestaCorresponsal,DEVSIEWEB
dbo,spCOLCHAPOSSelDatosColaGenesys,DEVSIEWEB
dbo,spCOLEncolarReporte,DEVSIEWEB
dbo,spCOLInsEstadoProceso,DEVSIEWEB
dbo,spCOLInsParametrosProcesos,DEVSIEWEB
dbo,SpCOLInsReporteHuellaPago,DEVSIEWEB
dbo,SpCOLINSVIDInsColaborador,DEVSIEWEB
dbo,spCOLREPHUEPAGSelConsecutivo,DEVSIEWEB
dbo,spCOLSelColaParametros,DEVSIEWEB
dbo,spCOLSelColaProcesosEstados,DEVSIEWEB
dbo,spCOLSelReporteEncolado,DEVSIEWEB
dbo,SpCOLSelReporteHuellaPago,DEVSIEWEB
dbo,spCOLSelReporteParametroEncolado,DEVSIEWEB
dbo,spCOLSelUsuarioSoporte,DEVSIEWEB
dbo,spCOLTRACBInsColaTxCB,DEVSIEWEB
dbo,spCOLTRACBSelTxPorEstado,DEVSIEWEB
dbo,spCOLTRACBUpdEstadoColaTxCB,DEVSIEWEB
dbo,spCOLTRACBUpdHistoricoColaTxCB,DEVSIEWEB
dbo,spCOLTRACBUpdReintentosColaTxCB,DEVSIEWEB
dbo,spCOLTRADATInsColaTXDatafono,DEVSIEWEB
dbo,spCOLTRADATInsTransaccionesDatafono,DEVSIEWEB
dbo,spCOLTRADATSelColaTXDatafono,DEVSIEWEB
dbo,spCOLTRADATSelTransaccionesXPAPEstado,DEVSIEWEB
dbo,spCOLTRADATSelTxPendientesDatafonia,DEVSIEWEB
dbo,spCOLTRADATSelVeriSiExisteTrxPendienteDF,DEVSIEWEB
dbo,spCOLTRADATUpdEstadoColaTXDatafono,DEVSIEWEB
dbo,spCOLTRADATUpdEstadoTranDAT,DEVSIEWEB
dbo,spCOLTRAGEMInsGuardar,DEVSIEWEB
dbo,spCOLTRAInsTransacciones,DEVSIEWEB
dbo,spCOLTRAPAselTransaccionEfectyVirtual,DEVSIEWEB
dbo,spCOLTRAPASelTransaccionesUsuario,DEVSIEWEB
dbo,spCOLTRAPASInsTransaccionPasarelaEfecty,DEVSIEWEB
dbo,spCOLTRAPASSelTxPasarelaxTdTxyCUS,DEVSIEWEB
dbo,spCOLTRAPASUpdIDtx,DEVSIEWEB
dbo,spCOLTRAPASUpdTransaccionPasarelaEfecty,DEVSIEWEB
dbo,spCOLTRASelTransXDocumento,DEVSIEWEB
dbo,spCOLTRAUpdActualizarEstadoTx,DEVSIEWEB
dbo,spCOLTRAUpdBloquearGiro,DEVSIEWEB
dbo,spCOLTRAUpdConfirmarTransaccionXId,DEVSIEWEB
dbo,spCOLTRAUpdEstadoTxDatafono,DEVSIEWEB
dbo,SpCOLUpdReporteHuellaPago,DEVSIEWEB
dbo,SpCOMMENInsNoticiaRegional,DEVSIEWEB
dbo,spCONBLOGIInsDatosBloqueoGiro,DEVSIEWEB
dbo,SpCONCACSelConfiguracion,DEVSIEWEB
dbo,spCONCACUpdActualizarConfig,DEVSIEWEB
dbo,spCONCAJACHInsAdicionaCajaArchivo,DEVSIEWEB
dbo,spCONCALInsControlCalculo,DEVSIEWEB
dbo,SpCONCARINCInsCrearControlCargueIncentivos,DEVSIEWEB
dbo,spCONCBEXTSelConsultarConveniosCBEXT,DEVSIEWEB
dbo,spCONCBSelConsultarConveniosCB,DEVSIEWEB
dbo,spCONCBSelDatosConvenio,DEVSIEWEB
dbo,spCONCISelConciliacionSaldos,DEVSIEWEB
dbo,spCONCIUpdConciliacionSaldos,DEVSIEWEB
dbo,spCONCIUpdEliminarConciSaldos,DEVSIEWEB
dbo,spCONCUESPREUpdInformacion,DEVSIEWEB
dbo,spCONCUPDelCamposConsulta,DEVSIEWEB
dbo,spCONCUPInsCamposConsulta,DEVSIEWEB
dbo,spCONCUPSelCamposConsulta,DEVSIEWEB
dbo,spCONCUPUNEDelCupon,DEVSIEWEB
dbo,spCONCUPUNEInsCupon,DEVSIEWEB
dbo,spCONCUPUNESelCupon,DEVSIEWEB
dbo,spCONDELCACInsTimestamp,DEVSIEWEB
dbo,spCONDELCACSelExisteTablas,DEVSIEWEB
dbo,spCONDELCACSelTimestamp,DEVSIEWEB
dbo,spCONEJEhorarioProceso,DEVSIEWEB
dbo,spCONEJEInsModuloContable,DEVSIEWEB
dbo,spCONEJESelPorProceso,DEVSIEWEB
dbo,spCONEJEUpdModuloContable,DEVSIEWEB
dbo,spCONEMPInsGuardarDatosContacto,DEVSIEWEB
dbo,spCONEMPSelConsultarDatosContacto,DEVSIEWEB
dbo,spCONEMPSelDatosPorID,DEVSIEWEB
dbo,spCONEMPUpdModificarDatosContacto,DEVSIEWEB
dbo,spCONIMPDelContratistaImpuestos,DEVSIEWEB
dbo,spCONIMPInsContratistaImpuestos,DEVSIEWEB
dbo,SpCONMENSelNoticiaRegional,DEVSIEWEB
dbo,SpCONMODFREInsControlModFrecuentes,DEVSIEWEB
dbo,SpCONMODFREInsModFrecuentes,DEVSIEWEB
dbo,SpCONMODFREInsOperaciones,DEVSIEWEB
dbo,spCONMODFREUpdCredencial,DEVSIEWEB
dbo,spCONPRESelInformacionGeneral,DEVSIEWEB
dbo,spCONPROSelConsultarProyectosContacto,DEVSIEWEB
dbo,SpCONPROSelPorCorresponsal,DEVSIEWEB
dbo,spCONPROTESDelConfi,DEVSIEWEB
dbo,spCONPROTESInsConfi,DEVSIEWEB
dbo,spCONPROTESSelConfi,DEVSIEWEB
dbo,spCONPROTESSelValidTarifa,DEVSIEWEB
dbo,spCONPROTESUpdConfi,DEVSIEWEB
dbo,SpCONPROUpdVincularConvenioProyecto,DEVSIEWEB
dbo,spCONREDPSSelConfiguracionRedPS,DEVSIEWEB
dbo,spCONREIInsGuardarDatosControl,DEVSIEWEB
dbo,spCONREIInsGuardarDatosControlWebLive,DEVSIEWEB
dbo,spCONREISelConsultarDatosControlReimpresion,DEVSIEWEB
dbo,spCONREISelDatosControl,DEVSIEWEB
dbo,spCONREIUpdDatosControl,DEVSIEWEB
dbo,spCONSALCLISelProductosClienteConciliacion,DEVSIEWEB
dbo,spCONSDelEliminarConsEfectyPago,DEVSIEWEB
dbo,spCONSelCondicionPAP,DEVSIEWEB
dbo,spCONSelConsultarDatosContratistaxCodigoPS,DEVSIEWEB
dbo,spCONSelContador,DEVSIEWEB
dbo,SpCONSelContratistasActivos,DEVSIEWEB
dbo,spCONSelContratistasRed,DEVSIEWEB
dbo,spCONSelContratistasSOA,DEVSIEWEB
dbo,SpCONSelConveniosCB,DEVSIEWEB
dbo,SpCONSelConveniosFiltroCB,DEVSIEWEB
dbo,SpCONSelProyectosAsociados,DEVSIEWEB
dbo,spCONSINCACSelDependenciaTabla,DEVSIEWEB
dbo,spCONSINCACSelTablaPorNombre,DEVSIEWEB
dbo,spCONSINCACSelTablas,DEVSIEWEB
dbo,spCONSUBDelContratistaSubClasTrib,DEVSIEWEB
dbo,spCONSUBInsContratistaSubClasTrib,DEVSIEWEB
dbo,spCONTORECInsValidarTope,DEVSIEWEB
dbo,spCONTPROYselClienteXTipoCliente,DEVSIEWEB
dbo,spCONUpdCondicionPAP,DEVSIEWEB
dbo,SpCONUpdEstadoConvenio,DEVSIEWEB
dbo,spCONUpdGuardarInformacionContratista,DEVSIEWEB
dbo,spCONUpdInsTopes,DEVSIEWEB
dbo,spCONVALISinsNuevoProceso,DEVSIEWEB
dbo,spCORCLISelComprobarConfMonitorIntegraciones,DEVSIEWEB
dbo,spCORCLISelConsultarCorreosConfMonitorIntegraciones,DEVSIEWEB
dbo,spCORCLISelCorreoClienteinterno,DEVSIEWEB
dbo,spCORCLIUpdGuardarCorreosMonitorIntegradores,DEVSIEWEB
dbo,spCORRCLIINTDELCorreosclienteInterno,DEVSIEWEB
dbo,spCORRCLIINTINSCorreosclienteInterno,DEVSIEWEB
dbo,spCORRCLIINTSelConsultarCorreoClienteInterno,DEVSIEWEB
dbo,spCORRCLIINTUPDCorreosclienteInterno,DEVSIEWEB
dbo,spCORSelConsultarCorresponsales,DEVSIEWEB
dbo,spCORSelCorresponsalPorId,DEVSIEWEB
dbo,spCORSelExisteCuentaCompensadora,DEVSIEWEB
dbo,SpCredSelAdministrarVersionLive,DEVSIEWEB
dbo,spCREDUpdActualizarIDCajaPS,DEVSIEWEB
dbo,SpCredUpdAdmVersionLive,DEVSIEWEB
dbo,SpCredUpdBdLocales,DEVSIEWEB
dbo,spCredUpdMenuDG,DEVSIEWEB
dbo,spCRESelCajasSincroInactiva,DEVSIEWEB
dbo,spCRESelSincronizaCache,DEVSIEWEB
dbo,spCRESelSincronizacionActiva,DEVSIEWEB
dbo,spCRETRANDelCredencialCaja,DEVSIEWEB
dbo,spCRETRANEliminarConfigTP,DEVSIEWEB
dbo,spCRETRANSelConsultarCaja,DEVSIEWEB
dbo,spCRETRASelCajasSincronizan,DEVSIEWEB
dbo,spCRETRASelPsCajaActSinc,DEVSIEWEB
dbo,spCRETRATOKSelValidarToken,DEVSIEWEB
dbo,spCRETRAUpdAmbiente,DEVSIEWEB
dbo,spCRETRAUpdProcesoTablas,DEVSIEWEB
dbo,spCRETRAUpdSincronizarPS,DEVSIEWEB
dbo,spCRETRAUpdVersionPs,DEVSIEWEB
dbo,SpCUMPAPSelConsultarCumplimientoPAP,DEVSIEWEB
dbo,spCXCSINPARSelLiquidacionContraprestacion,DEVSIEWEB
dbo,spDATFORInsRegistroFormulario,DEVSIEWEB
dbo,spDATFORSelInformacionGeneral,DEVSIEWEB
dbo,spDATFORUpdRegistroFormulario,DEVSIEWEB
dbo,spDelCERangoMovilizado,DEVSIEWEB
dbo,spDelPASLIQpasarelaLiquidacion,DEVSIEWEB
dbo,spDELTarifasGirosPS,DEVSIEWEB
dbo,spDelWcfEndPoint,DEVSIEWEB
dbo,spDESADISelAdicionesyDescuentos,DEVSIEWEB
dbo,spDESBENSelDescuentosUsuario,DEVSIEWEB
dbo,spDESBENSelValidarInformacion,DEVSIEWEB
dbo,spDESCOLUpdActualizarDescuentos,DEVSIEWEB
dbo,spDESDETDelDetalleDesabastecimiento,DEVSIEWEB
dbo,spDESDETDelVaciarDetalle,DEVSIEWEB
dbo,spDESDETInsDetalleDesabastecimiento,DEVSIEWEB
dbo,spDESDETSelDetalleDesabastecimiento,DEVSIEWEB
dbo,spDESDETUpdDetalleDesabastecimiento,DEVSIEWEB
dbo,spDESInsDescuentos,DEVSIEWEB
dbo,spDESMEDSelDesabastecimientoPAP,DEVSIEWEB
dbo,spDESMEDSelDesabastecimientoPAPXID,DEVSIEWEB
dbo,spDESMEDUpdMedioDesabastecimiento,DEVSIEWEB
dbo,spDESSelDescuentoCliente,DEVSIEWEB
dbo,spDESSelDescuentoEmpresario,DEVSIEWEB
dbo,spDESSelDescuentoGiroEmpresarial,DEVSIEWEB
dbo,spDesSelDescuentosDisponibles,DEVSIEWEB
dbo,spDESSelDescuentosTipoSeis,DEVSIEWEB
dbo,spDESSelListaDescuentos,DEVSIEWEB
dbo,spDESSelVerificaGiroGanador,DEVSIEWEB
dbo,spDESSelVerificaGiroGanadorPromociones,DEVSIEWEB
dbo,spDESUpdDescuentos,DEVSIEWEB
dbo,spDETAPRLOTCORSelObligatorios,DEVSIEWEB
dbo,spDETCIEDATInsDetalleCierreDatafonia,DEVSIEWEB
dbo,spDETDESRESInsDetalleBonosResarcimiento,DEVSIEWEB
dbo,spDETDESRESUpdEstadoResarcimientoCliente,DEVSIEWEB
dbo,spDETDISPAGCORInsCargarArchivoDetalle,DEVSIEWEB
dbo,spDETDISPAGCORSelDetalleDispersionPagos,DEVSIEWEB
dbo,spDETDISPAGCORSelDetallePagos,DEVSIEWEB
dbo,spDETDISPAGCORSelInformacionPorId,DEVSIEWEB
dbo,spDETPLAALTDelInformacion,DEVSIEWEB
dbo,spDETPLAALTInsPlanAlterno,DEVSIEWEB
dbo,spDETPLAALTSelBancoCercano,DEVSIEWEB
dbo,spDETPLAALTSelEntidadesCercanas,DEVSIEWEB
dbo,SpDETRECSINInsRecuperacionesDetalle,DEVSIEWEB
dbo,SpDETRECSINSelSiniestros,DEVSIEWEB
dbo,SpDETRECSINUpdRecuperaciones,DEVSIEWEB
dbo,SpDETRECUSIDelDetalleRecuperacion,DEVSIEWEB
dbo,spDETTIPPAPDelEliminarCodigosTipsXId,DEVSIEWEB
dbo,spDETTIPPAPInsDetalleTips,DEVSIEWEB
dbo,spDETTIPPAPSeldetalleTipsXID,DEVSIEWEB
dbo,spDIASelDiasDeLaSemana,DEVSIEWEB
dbo,spDISDETInsDispersionDetalleMasiva,DEVSIEWEB
dbo,spDISDETUpdDispersionDetalleMasiva,DEVSIEWEB
dbo,spDISLOTInsDispersionLoteMasiva,DEVSIEWEB
dbo,spDISPAGCORInsCargarArchivoConsolidado,DEVSIEWEB
dbo,spDISPAGCORSelArchivos,DEVSIEWEB
dbo,spDISPAGCORSelArchivosPorAprobar,DEVSIEWEB
dbo,spDISPAGCORSelRegistros,DEVSIEWEB
dbo,spDOCCARGUpdEstadoDocumentos,DEVSIEWEB
dbo,spDOCCARSelDocCargadosGiroempresarial,DEVSIEWEB
dbo,spEJEMULInsRegistro,DEVSIEWEB
dbo,spEJEMULSelMulticashCB,DEVSIEWEB
dbo,SpEJEPAPDelEliminaEjecutadoPAP,DEVSIEWEB
dbo,SpEJEPAPInsCrearEjecutadoPAP,DEVSIEWEB
dbo,SpEJEPAPSelConsultarEjecutadoPAP,DEVSIEWEB
dbo,spENTAUTDelEntidadesAutorizadas,DEVSIEWEB
dbo,spENTAUTSelConsultarEntidadesAutorizadas,DEVSIEWEB
dbo,spENTAUTSelEliminarEntidadesAutorizadasBD,DEVSIEWEB
dbo,spENTAUTUpdActualizarEntidadesAutorizadas,DEVSIEWEB
dbo,spERRCORSelDescripcionError,DEVSIEWEB
dbo,spESBInsHorariosProyectos,DEVSIEWEB
dbo,spESBUpdContratista,DEVSIEWEB
dbo,spEstDevCheqSelEstadosDevolucionCheque,DEVSIEWEB
dbo,SpESTINSVIDSelEstados,DEVSIEWEB
dbo,spESTOBLCBSelEstructuraObligacionesCB,DEVSIEWEB
dbo,spESTOPECBSelEstructuraOperCB,DEVSIEWEB
dbo,SpESTPRODelCampoClaveProyecto,DEVSIEWEB
dbo,SpESTPROInsCamposClaveProyecto,DEVSIEWEB
dbo,SpESTPROInsCamposUIAF,DEVSIEWEB
dbo,SpESTPROSelCampoClave,DEVSIEWEB
dbo,SpESTPROSelCamposClaveProyecto,DEVSIEWEB
dbo,SpESTPROUpdCamposClaveProyecto,DEVSIEWEB
dbo,spESTSelConsultarEstadosClienteEmpresarial,DEVSIEWEB
dbo,spESTSelConsultarMotivos,DEVSIEWEB
dbo,spESTSelEstadoPorCategoria,DEVSIEWEB
dbo,spESTTIPDelEstructuraTiposOperacion,DEVSIEWEB
dbo,spESTTIPOPESelConsultarEstrucTipoOperacion,DEVSIEWEB
dbo,spESTTIPOPEUpdEstructuraTiposOperacion,DEVSIEWEB
dbo,spFORPAGGIRSelFormasPagoGiro,DEVSIEWEB
dbo,spFOTUSUInsGuardarFotoUsuario,DEVSIEWEB
dbo,spGASFINDelEliminarGastosFinancieros,DEVSIEWEB
dbo,spGASFINInsInsertarGastosFinancieros,DEVSIEWEB
dbo,spGASFINSelConsultarGastosFinancieros,DEVSIEWEB
dbo,spGASFINSelInfoGastoFinanciero,DEVSIEWEB
dbo,spGASFINUpdModificarGastosFinancieros,DEVSIEWEB
dbo,spGESNOVCONInsDetalleConciliacion,DEVSIEWEB
dbo,spGESNOVCONSelDetalleConciliacion,DEVSIEWEB
dbo,spGIREMPDESSelConsultarDatosGiro,DEVSIEWEB
dbo,spGIREMPDESSelConsultarRemitentesBloqueados,DEVSIEWEB
dbo,spGIREMPDESSelConsultarRemitentesGiro,DEVSIEWEB
dbo,spGIREMPDESSelValidaCreacionGiroXIdLote,DEVSIEWEB
dbo,spGIREMPDESUpdValidarArchivo,DEVSIEWEB
dbo,spGIREMPSelConsultarArchivosGiroEmpresarial,DEVSIEWEB
dbo,spGIREMPSelConsultarDatosArchivo,DEVSIEWEB
dbo,spGIREMPUpdDescartarArchivo,DEVSIEWEB
dbo,spGIREMPUpdDescuentoArchivo,DEVSIEWEB
dbo,spGIREMPUpdEnProcesoArchivo,DEVSIEWEB
dbo,spGIREMPUpdProcesarArchivo,DEVSIEWEB
dbo,spGIRGANInsCreaRegistroGiroGanador,DEVSIEWEB
dbo,spGRPPROSelcodigoTipoPago,DEVSIEWEB
dbo,SpGRUDGDelMenusGrupo,DEVSIEWEB
dbo,spGRUPROSelParametrosCalculoRecaudoPago,DEVSIEWEB
dbo,spGUISelGuiones,DEVSIEWEB
dbo,spGUISelGuionesRecomendaciones,DEVSIEWEB
dbo,spGUISelGuionProyecto,DEVSIEWEB
dbo,spGUIUpdGuionProyecto,DEVSIEWEB
dbo,spHISCLIASOUpdEstadoConciliacion,DEVSIEWEB
dbo,spHISCOLTRACBInsTransaccionesCB,DEVSIEWEB
dbo,spHISCOLTRACBMOVCBSelEstadosCB,DEVSIEWEB
dbo,spHISCOLTRACBUpdDatosTransaccionCB,DEVSIEWEB
dbo,spHISCOLTRADelEliminarHistorico,DEVSIEWEB
dbo,spHISCOLTRAInsTransacciones,DEVSIEWEB
dbo,spHISCOLTRAUpdEstadoTransaccion,DEVSIEWEB
dbo,spHISDESADISelHistoricoAdicionesyDescuentos,DEVSIEWEB
dbo,SpHISHORTRAInsCargarHistoricoHorarioTrans,DEVSIEWEB
dbo,SpHISHORTRASelHistoricoHorariosTransportadoraPAP,DEVSIEWEB
dbo,spHISINVGLOSelConsultarHistoricoSaldoGestores,DEVSIEWEB
dbo,spHISLIBCUEDelEliminarUltimaLiberacion,DEVSIEWEB
dbo,spHISLIBCUEInsHistoricoLiberacionCuentas,DEVSIEWEB
dbo,spHISLIBCUESelConsultarUltimaLiberacion,DEVSIEWEB
dbo,spHISMOVInsHistoricoMovimientoPrescrito,DEVSIEWEB
dbo,spHISMOVSelHistoricoMovimientoPrescrito,DEVSIEWEB
dbo,spHISSALPROPAGINTSelSaldosHistorico,DEVSIEWEB
dbo,SpHISTOPSelLimitesOp,DEVSIEWEB
dbo,spHISVIAInsViabilidad,DEVSIEWEB
dbo,spHISVIASelHistorico,DEVSIEWEB
dbo,spHISVIASelViabilidad,DEVSIEWEB
dbo,spHORAPAPSelConsultarHoras,DEVSIEWEB
dbo,spHORATEPAPInsActualizarHorario,DEVSIEWEB
dbo,spHORATEPAPSelConsultarHorario,DEVSIEWEB
dbo,spHorDELHorarioUsuario,DEVSIEWEB
dbo,spHorINSHorarioUsuario,DEVSIEWEB
dbo,SpHORTRAInsHorarioTransportadoraPAP,DEVSIEWEB
dbo,spHorUPDHorarioUsuario,DEVSIEWEB
dbo,spIMPDelImpuestos,DEVSIEWEB
dbo,spIMPInsImpuestos,DEVSIEWEB
dbo,spIMPPROSelParametrosImpresionProyecto,DEVSIEWEB
dbo,spIMPSelImpuestos,DEVSIEWEB
dbo,spIMPSelImpuestosICA,DEVSIEWEB
dbo,spIMPSelImpuestosICAPorMunicipioRango,DEVSIEWEB
dbo,spIMPUpdImpuestos,DEVSIEWEB
dbo,spIMPUpdImpuestosICA,DEVSIEWEB
dbo,spINDRELCUMSelConsultarConFiltros,DEVSIEWEB
dbo,spINDRELCUMUpdControlGestion,DEVSIEWEB
dbo,spINGMUNDelCargueIngresosXYear,DEVSIEWEB
dbo,spINGMUNInsCargueIngresos,DEVSIEWEB
dbo,spINGMUNSelActividadesGravadas,DEVSIEWEB
dbo,spINGMUNSelCargueIngresos,DEVSIEWEB
dbo,spInsAnticiposSolicitud,DEVSIEWEB
dbo,spInsAuditoriaIntegraciones,DEVSIEWEB
dbo,spInsCajasPS,DEVSIEWEB
dbo,spInsCEProyectosValidaCampos,DEVSIEWEB
dbo,spInsGrupos,DEVSIEWEB
dbo,spInsHistMov,DEVSIEWEB
dbo,spInsMDCAutoContables,DEVSIEWEB
dbo,spInsMDCCrearCuenta,DEVSIEWEB
dbo,spInsMDCCuentasBanco,DEVSIEWEB
dbo,spInsMDCOperaciones_Diarias,DEVSIEWEB
dbo,spInsMDCOperacionesSP_Diarias,DEVSIEWEB
dbo,spInsMDCPropiedades_Diarias,DEVSIEWEB
dbo,spInsMovimiento,DEVSIEWEB
dbo,spInsMovimientoEstados,DEVSIEWEB
dbo,spInsMovimientos,DEVSIEWEB
dbo,spInsMovimientos_FE,DEVSIEWEB
dbo,spInsMovimientosProyectosPl,DEVSIEWEB
dbo,spInsPASACUpasarelaAcumulados,DEVSIEWEB
dbo,spInsPASBANCOMPasarelaBancosXComercio,DEVSIEWEB
dbo,spInsPASBANPROFORPAGPasarelaBancosProyectosFormaPago,DEVSIEWEB
dbo,spInsPASFRACOMFranquiciaComercio,DEVSIEWEB
dbo,spInsPASLIQpasarelaLiquidacion,DEVSIEWEB
dbo,spInsPASREDENTPasarelaRedEntidad,DEVSIEWEB
dbo,spInsPASREDFORPAGpasarelaRedFormaPago,DEVSIEWEB
dbo,spInsPASSERREDpasarelaserviciored,DEVSIEWEB
dbo,spInsPASTOPPROPasarelaTopesProyecto,DEVSIEWEB
dbo,spInsProdPagoTransDiarias,DEVSIEWEB
dbo,spInsPSClasificacion,DEVSIEWEB
dbo,spInsSMSREGInsertarMensaje,DEVSIEWEB
dbo,spInsSMSREGInsertarMensajeSMSCajero,DEVSIEWEB
dbo,spInsSMSREGInsertarMensajeSMSGeneral,DEVSIEWEB
dbo,spInsSolicitudPS,DEVSIEWEB
dbo,spInsValidarLiquidacionContraprestacion,DEVSIEWEB
dbo,SpINTPENDPEOInsInterfasesPendientes,DEVSIEWEB
dbo,spINVGLOSelSaldoInventarioProducto,DEVSIEWEB
dbo,spINVInsInventarioRolloPAP,DEVSIEWEB
dbo,spINVPSInsAsignacion,DEVSIEWEB
dbo,spINVPSSelAsignacion,DEVSIEWEB
dbo,spINVSelHabilitaInventarioRolloPAP,DEVSIEWEB
dbo,spLINPUNselRegistros,DEVSIEWEB
dbo,spLiqAprobarLiquidacion,DEVSIEWEB
dbo,spLIQCOMCONSelCuentaCobroTipoHorario,DEVSIEWEB
dbo,spLIQCOMCONSelFacturasContratista,DEVSIEWEB
dbo,spLiqComisionesConcesionesPS,DEVSIEWEB
dbo,spLiqComisionesConcesionesXPAP,DEVSIEWEB
dbo,spLIQCOMSelPromedioComisionPS,DEVSIEWEB
dbo,SpLnACUDIAPSselValidarAcumuladoPs,DEVSIEWEB
dbo,SpLnACUDIAPSupdAcumuladoPs,DEVSIEWEB
dbo,SpLnACUDIAPSValidarSaldoCaja,DEVSIEWEB
dbo,SpLnCAJRegistrarHuella,DEVSIEWEB
dbo,SpLnCAJSelHorarioUsuario,DEVSIEWEB
dbo,SpLnCAJSelRegionalUsuario,DEVSIEWEB
dbo,SpLnCAJSelUsuariosPS,DEVSIEWEB
dbo,SpLnCLIDelPortafolioCliente,DEVSIEWEB
dbo,SpLnCLIInsClienteHuella,DEVSIEWEB
dbo,SpLnCLIModClienteHuella,DEVSIEWEB
dbo,SpLnCLISelDocListaPEP,DEVSIEWEB
dbo,SpLnCLISelDocListaRestrictiva,DEVSIEWEB
dbo,spLnCLISelHuellasClienteNatural,DEVSIEWEB
dbo,SpLnCLISelNumeroVerificacion,DEVSIEWEB
dbo,SpLnCLISelPortafolioCliente,DEVSIEWEB
dbo,SpLnCLIUpdActualizarClienteXId,DEVSIEWEB
dbo,SpLnCLIUpdClienteRegistrado,DEVSIEWEB
dbo,spLnCLIUpdHuellaClienteNatural,DEVSIEWEB
dbo,SpLnCLIUpdPortafolioCliente,DEVSIEWEB
dbo,SpLnCOMPInsConfirmarCompensacionRecargas,DEVSIEWEB
dbo,spLnCOMPInsRecibirCompensacionRecargas,DEVSIEWEB
dbo,spLnCOMPTransaccionIntegracionRecaudo,DEVSIEWEB
dbo,SpLnCOMSelParametriosGenerales,DEVSIEWEB
dbo,SpLnCOMSelParametriosNube,DEVSIEWEB
dbo,SpLnCOMSelParametrosGeneralesPS,DEVSIEWEB
dbo,spLNCRETRANGuardarCredencialTran,DEVSIEWEB
dbo,spLnEFRECCamposValidarPlano,DEVSIEWEB
dbo,SPLnENDSelEnpointsPuntosServicio,DEVSIEWEB
dbo,spLnGEOUpdMensajeNotificacion,DEVSIEWEB
dbo,SPLnInsMDCPRESolicitudPrestamoPS,DEVSIEWEB
dbo,spLnInsOperacionesAseguradas,DEVSIEWEB
dbo,spLnMDCInsCerrarMDCAux_Diario,DEVSIEWEB
dbo,spLnMDCInsCerrarMDCPpal_Diario,DEVSIEWEB
dbo,spLnMDCInsRecalculoSaldos,DEVSIEWEB
dbo,spLnMDCSelCaratulaMDCLive,DEVSIEWEB
dbo,SpLnMDCSelConsignacionesPs,DEVSIEWEB
dbo,SpLnMDCSelOperacionConsulta,DEVSIEWEB
dbo,spLnMDCSelOperacionExistente,DEVSIEWEB
dbo,spLnMDCSelSaldoFinal_Diario,DEVSIEWEB
dbo,spLnMDCSelUltimaFechaCierre,DEVSIEWEB
dbo,spLnMDCTransformar,DEVSIEWEB
dbo,spLnMDCTransformarDG,DEVSIEWEB
dbo,SpLnMOVPendientesXPagar,DEVSIEWEB
dbo,spLnMOVSelConsultarSiexisteOperacion,DEVSIEWEB
dbo,spLnMOVSelOperaciones,DEVSIEWEB
dbo,spLnMOVSelUltimasOperaciones,DEVSIEWEB
dbo,spLnOSInsTipoMov,DEVSIEWEB
dbo,spLnPROSelProyectoRecargas,DEVSIEWEB
dbo,SPLnPROUSUSelMailMontosMaximos,DEVSIEWEB
dbo,SPLnPROUSUSelMailNotificacion,DEVSIEWEB
dbo,spLnRecInsMovimientosRecargas,DEVSIEWEB
dbo,SpLnRECSelCamposDigitoVerificacion,DEVSIEWEB
dbo,spLnRecSelParametrosIntegracion,DEVSIEWEB
dbo,SpLnRECSelProyectoNombre,DEVSIEWEB
dbo,SpLnRECSelProyectoProveedorConsulta,DEVSIEWEB
dbo,SpLnRECSelProyectoProveedorValidacion,DEVSIEWEB
dbo,SpLnRECSelValidarCodBarOSExista,DEVSIEWEB
dbo,SplnSEGUPDControlIngresoExitoso,DEVSIEWEB
dbo,SpLnSelEstadoProyectoPS,DEVSIEWEB
dbo,SpLnSelFCTDatos,DEVSIEWEB
dbo,SPLnSelMDCPREConsultaSolicitudesPrestamoPS,DEVSIEWEB
dbo,spLnSelModuloVersion,DEVSIEWEB
dbo,spLnSelMovimientosAseguradosNoActivados,DEVSIEWEB
dbo,spLnSelOperacionAsegurada,DEVSIEWEB
dbo,spLnSelProyectoPolizaSeguro,DEVSIEWEB
dbo,SpLnSINSelControlSincronizacion,DEVSIEWEB
dbo,spLnSINUpdActualizaFechaSincronizacion,DEVSIEWEB
dbo,spLnSolPSActivacion,DEVSIEWEB
dbo,spLnSolPSRedespacho,DEVSIEWEB
dbo,SpLnSOLSelCambioHuellas,DEVSIEWEB
dbo,SpLnSOLSelFctPendientes,DEVSIEWEB
dbo,SpLnSOLSelServiciosPublicosFiltros,DEVSIEWEB
dbo,spLnSPInsServPublicos,DEVSIEWEB
dbo,spLnTRAInsSeguimientoInicial,DEVSIEWEB
dbo,spLnTRAInsTxReejecutable,DEVSIEWEB
dbo,spLnTRASelEstadoXIdTransaccion,DEVSIEWEB
dbo,spLnTRASelSeguimientoTodasTransacciones,DEVSIEWEB
dbo,spLnTRAUpdEstadoTx,DEVSIEWEB
dbo,spLnUpdActivarPolizaSeguro,DEVSIEWEB
dbo,SPLnUpdMDCPREAprobacionPrestamoPS,DEVSIEWEB
dbo,SplnUSUSelUsuarioActivo,DEVSIEWEB
dbo,spLOTCATPRESelCategoriaPremioLoteria,DEVSIEWEB
dbo,spLOTCONSORDelLoteriaControlSorteo,DEVSIEWEB
dbo,spLOTCONSORInsUpdLoteriaControlSorteo,DEVSIEWEB
dbo,spLOTCONSORSelConsultarProgramacionSorteos,DEVSIEWEB
dbo,spLOTCONSORSelConsultarSorteos,DEVSIEWEB
dbo,spLOTCONSORSelFechaMaximaSorteo,DEVSIEWEB
dbo,spLOTCONSORSelPremiosAdicionales,DEVSIEWEB
dbo,spLOTCONSORSelSorteoCerrado,DEVSIEWEB
dbo,spLOTDESInsCargueDescuentos,DEVSIEWEB
dbo,spLOTDESSelListadoDescuentos,DEVSIEWEB
dbo,spLOTDETSORInsLoteriaDetalleSorteo,DEVSIEWEB
dbo,spLOTDETSORSelBilleteAleatorio,DEVSIEWEB
dbo,spLOTDETSORSelBilleteManual,DEVSIEWEB
dbo,spLOTDETSORUpdEstado,DEVSIEWEB
dbo,spLOTMOVInsMovimientoLoteria,DEVSIEWEB
dbo,spLOTMOVSelCodSegLoteria,DEVSIEWEB
dbo,spLOTMOVSelValidacionLottired,DEVSIEWEB
dbo,spLOTMOVUpdEstadosBilletePagado,DEVSIEWEB
dbo,spLOTPAGPREInsPagoLottired,DEVSIEWEB
dbo,spLOTPAGPRESelBilleteGanador,DEVSIEWEB
dbo,spLOTPLAPREInsPlanPremioLoteria,DEVSIEWEB
dbo,spLOTPLAPRESelConsultarPlanPremios,DEVSIEWEB
dbo,spLOTPLAPRESelOrdenPlanPremiosLoteria,DEVSIEWEB
dbo,spLOTPLAPRESelPlanPremiosLoteria,DEVSIEWEB
dbo,spLOTPLAPRESelValidaPlanLottired,DEVSIEWEB
dbo,spLOTPLAPREUpdEstadosPlanPremios,DEVSIEWEB
dbo,spLOTPLAPREUpdPlanPremioLoteria,DEVSIEWEB
dbo,spLOTPROPAGSelConsultarLotesProyectos,DEVSIEWEB
dbo,spLOTPROPAGUpdActualizarLotesProyectos,DEVSIEWEB
dbo,spLOTPROPAGUpdEstadoLote,DEVSIEWEB
dbo,spLOTPROPAGUpdFechas,DEVSIEWEB
dbo,spLOTPROPAGUpdLiberarLotes,DEVSIEWEB
dbo,spLOTPROPAGUpdPreLiquidacionEmpGE,DEVSIEWEB
dbo,spLOTPROPAGUpdValidarLotes,DEVSIEWEB
dbo,spLOTRESPREInsResPremLottired,DEVSIEWEB
dbo,spLOTRESPRESelConsultarResultadosPremios,DEVSIEWEB
dbo,spLOTTIPPRESelTipoPremioLoteria,DEVSIEWEB
dbo,SpLOTTOPPAGSelValidarMontos,DEVSIEWEB
dbo,spLPROLOTSelProyLotActivosPs,DEVSIEWEB
dbo,spLqConsultarLiquidacionesAprobadas,DEVSIEWEB
dbo,spLqConsultarLiquidacionesNoAprobadas,DEVSIEWEB
dbo,spMAPInsCamposClave,DEVSIEWEB
dbo,spMAPSelValidaciones,DEVSIEWEB
dbo,spMDCANTAPRSelAnticipo,DEVSIEWEB
dbo,spMDCANTAPRSelAnticiposPendientes,DEVSIEWEB
dbo,spMDCANTAPRSelAnticiposReversionPorPs,DEVSIEWEB
dbo,spMDCANTAPRSelConsultarAnticiposAprobadosPS,DEVSIEWEB
dbo,spMDCANTAPRSelConsultarAnticiposAprobadosTV,DEVSIEWEB
dbo,spMDCANTAPRUpdAnticiposAprobacion,DEVSIEWEB
dbo,spMDCANTAPRUpdAnticiposReversion,DEVSIEWEB
dbo,spMDCANTAPRUpdModificarValidacion,DEVSIEWEB
dbo,spMDCANTInsListAnticiposSolicitud,DEVSIEWEB
dbo,spMDCArchivoPlanoCnsCargarDetalle,DEVSIEWEB
dbo,spMDCArchivoPlanoCnsCargarTotales,DEVSIEWEB
dbo,spMDCArchivoPlanoCnsExiste,DEVSIEWEB
dbo,spMDCArchivoPlanoCnsValidar,DEVSIEWEB
dbo,spMDCAUTCONUpdInformacionGeneral,DEVSIEWEB
dbo,spMDCBANCUESelConsultarCuentaBanco,DEVSIEWEB
dbo,spMDCBANCUESelConsultarCuentaXBanco,DEVSIEWEB
dbo,spMDCBANCUESelCuentasXCodigoBanco,DEVSIEWEB
dbo,spMDCBANDelMDCBanco,DEVSIEWEB
dbo,spMDCBANInsMDCBanco,DEVSIEWEB
dbo,spMDCBANSelBancosAsignados,DEVSIEWEB
dbo,spMDCBANSelConsultarCuentaBanco,DEVSIEWEB
dbo,spMDCBANSelCuentasAsignadas,DEVSIEWEB
dbo,spMDCBANSelCuentasAsociadasPAP,DEVSIEWEB
dbo,spMDCCONCEPSelConceptos,DEVSIEWEB
dbo,spMDCCONCEPSelConceptosWL,DEVSIEWEB
dbo,SpMDCCONDelConceptosPermiteCruce,DEVSIEWEB
dbo,spMDCCONEXTSelConcepHabilitadosReportes,DEVSIEWEB
dbo,SpMDCCONInsConceptosPermiteCruce,DEVSIEWEB
dbo,spMDCCONPSSelConceptosPsPorTipo,DEVSIEWEB
dbo,spMDCCONSALOPEInsControlaSaldoOperacion,DEVSIEWEB
dbo,spMDCCONSelConceptosImprimenTirilla,DEVSIEWEB
dbo,SpMDCCONSelConceptosPermiteCruce,DEVSIEWEB
dbo,spMDCCONSelConceptosXClasificacion,DEVSIEWEB
dbo,spMDCCONSelConceptosXEstado,DEVSIEWEB
dbo,spMDCCONSelConceptosxOperacion,DEVSIEWEB
dbo,spMDCCONSelConceptosxOperacionDG,DEVSIEWEB
dbo,spMDCCONSelEstructuraXmlConceptoPropio,DEVSIEWEB
dbo,spMDCCONSelEstructuraXmlConceptos,DEVSIEWEB
dbo,spMDCCONSelEstructuraXmlConceptosDG,DEVSIEWEB
dbo,spMDCCONUpdClasificacionConcepto,DEVSIEWEB
dbo,SpMDCCONUpdConceptosPermiteCruce,DEVSIEWEB
dbo,SpMDCCRUSelCruceConceptos,DEVSIEWEB
dbo,spMDCDETARCPLACNSINTDelDetalleRegistroArchivo,DEVSIEWEB
dbo,spMDCDETARCPLACNSINTInsCargarDetalle,DEVSIEWEB
dbo,spMDCDETARCPLACNSINTSelRegistrosPendientesValidacion,DEVSIEWEB
dbo,spMDCDETARCPLACNSINTSelRegistrosProcesadosValidacion,DEVSIEWEB
dbo,spMDCDETARCPLACNSINTUpdDetalleRegistroArchivo,DEVSIEWEB
dbo,spMDCDETARCPLACNSINTUpdFechaRecaudoArchivo,DEVSIEWEB
dbo,spMDCDETARCPLACNSINTUpdValidarIntegracion,DEVSIEWEB
dbo,spMDCDETSelConsignacionesPendientesBanco,DEVSIEWEB
dbo,spMDCDETUpdActualizarRegistroConsignacion,DEVSIEWEB
dbo,spMDCDETUpdAprobacionRegistrosPrevalidados,DEVSIEWEB
dbo,spMDCDIADelEliminarMdcDiario,DEVSIEWEB
dbo,spMDCDIASelSaldosRecalculados,DEVSIEWEB
dbo,spMDCESTSelEsructuraPropiedades,DEVSIEWEB
dbo,spMDCESTSelItemsEsructuraPropiedades,DEVSIEWEB
dbo,spMDCInsAnticiposSolicitados,DEVSIEWEB
dbo,spMDCOInsExportarOperacion,DEVSIEWEB
dbo,spMDCOpeAprobarTransaccion,DEVSIEWEB
dbo,spMDCOPEDIASelConsultarConsignaciones,DEVSIEWEB
dbo,spMDCOPEDIASelConsultarRegistroMDC,DEVSIEWEB
dbo,spMDCOPEDIAUpdValidarConsignaciones,DEVSIEWEB
dbo,spMDCOPESelAumOpNoValidadas,DEVSIEWEB
dbo,spMDCOPESelConsultarFechaOperacion,DEVSIEWEB
dbo,spMDCOPESelConsultarRegistrosPendientes,DEVSIEWEB
dbo,spMDCOPESelConsultarReversiones,DEVSIEWEB
dbo,SpMDCOPESelControlIngresosEgresos,DEVSIEWEB
dbo,spMDCOPESelCruceAprobaTransp,DEVSIEWEB
dbo,spMDCOPESelIngresosEgresosNoContables,DEVSIEWEB
dbo,spMDCOPESelOperaciones,DEVSIEWEB
dbo,spMDCOPESelOperacionesNoValidadas,DEVSIEWEB
dbo,spMDCOPESelValidacionMDCPAP,DEVSIEWEB
dbo,spMDCOPEUpdAprobarOperaciones,DEVSIEWEB
dbo,SpMDCOPEUpdControlIngresosEgresos,DEVSIEWEB
dbo,spMDCOPEUpdIngresosEgresosNoContables,DEVSIEWEB
dbo,spMDCOPSelConsultarOperacionMDC,DEVSIEWEB
dbo,spMDCOPSelPropiedadesReclasificacion,DEVSIEWEB
dbo,spMDCOPSelReclasificacionConsignaciones,DEVSIEWEB
dbo,spMDCOPUdReclasificacionOperaciones,DEVSIEWEB
dbo,spMDCOPUdReclasificacionPropiedades,DEVSIEWEB
dbo,spMDCPROSelMedioPago,DEVSIEWEB
dbo,spMDCPROSelPropiedadesReverso,DEVSIEWEB
dbo,spMDCRDelConceptosPorPS,DEVSIEWEB
dbo,spMDCRDelConceptosPorTipoPS,DEVSIEWEB
dbo,spMDCREVInsReversos,DEVSIEWEB
dbo,spMDCRevSelReversosSinAprobar,DEVSIEWEB
dbo,spMDCREVSelValidarReverso,DEVSIEWEB
dbo,spMDCRevUpdAprobarReversos,DEVSIEWEB
dbo,spMDCSelAnticiposSolicitados,DEVSIEWEB
dbo,spMDCSelBancosCuentasActivas,DEVSIEWEB
dbo,spMDCSelConsignacionesPendientesMdc,DEVSIEWEB
dbo,spMDCSelDetalleOperacionXConcepto,DEVSIEWEB
dbo,spMDCSelMotivosRecaudo,DEVSIEWEB
dbo,spMDCSelPreaprobacionPendientesCns,DEVSIEWEB
dbo,spMDCSelResumenOperaciones,DEVSIEWEB
dbo,spMDCTOTARCPLACNSINTDelArchivoPlanoCnsIntegraciones,DEVSIEWEB
dbo,spMDCTOTARCPLACNSINTInsCargarTotales,DEVSIEWEB
dbo,spMDCTOTARCPLACNSINTSelArchivosCnsPendientesIntegraciones,DEVSIEWEB
dbo,spMDCTOTARCPLACNSINTSelConsultarCuentaPorFecha,DEVSIEWEB
dbo,spMDCTOTARCPLACNSINTSelExiste,DEVSIEWEB
dbo,spMDCTOTARCPLACNSINTUpdArchivoPlanoCnsControlIntegracion,DEVSIEWEB
dbo,spMDCTOTARCPLACNSSelInconsistenciasConsignaciones,DEVSIEWEB
dbo,spMDCTOTDelArchivoPlanoCns,DEVSIEWEB
dbo,spMDCTOTSelArchivosCnsPendientes,DEVSIEWEB
dbo,spMDCTOTUpdArchivoPlanoCns,DEVSIEWEB
dbo,spMDCUpdActualizarConceptosPorPS,DEVSIEWEB
dbo,spMDCUpdActualizarConceptosPorTipoPS,DEVSIEWEB
dbo,spMDCUpdAnticiposSolicitados,DEVSIEWEB
dbo,spMDCUpdBancosCuentasInhabilitar,DEVSIEWEB
dbo,spMDCValidacion_E5,DEVSIEWEB
dbo,SpMENDGSelMenus,DEVSIEWEB
dbo,SpMENDGSelMenuXGrupo,DEVSIEWEB
dbo,spMENDGSelMenuXUsuarioSinVersion,DEVSIEWEB
dbo,SpMENVERDelMenusVersion,DEVSIEWEB
dbo,SpMENVERInsMenuVersion,DEVSIEWEB
dbo,spMETInsMetasPAP,DEVSIEWEB
dbo,spMETSelMetasPap,DEVSIEWEB
dbo,spMETSelMetasPAPDetalle,DEVSIEWEB
dbo,spMETSOASelMetodosSOA,DEVSIEWEB
dbo,spMETUpdMetasPAP,DEVSIEWEB
dbo,spMETWEBAUDSelMetodosWeblive,DEVSIEWEB
dbo,spModFre_AprobarConsignaciones,DEVSIEWEB
dbo,spModMDCOperaciones,DEVSIEWEB
dbo,SpMODPASSelPasarelaModelo,DEVSIEWEB
dbo,spMODseLModulosActivos,DEVSIEWEB
dbo,SpMODTRASelConsultarModalidadTransportadora,DEVSIEWEB
dbo,spMODVINselRegistros,DEVSIEWEB
dbo,spMONDISPAGCORUpdMonitorDispersionPagos,DEVSIEWEB
dbo,spMONHORSelConsultarPAPOperando,DEVSIEWEB
dbo,spMONINTEnviarAlertasNoDisponibilidad,DEVSIEWEB
dbo,spMONINTInsMonitoreoIntegraciones,DEVSIEWEB
dbo,spMONINTSelConsultarHistorico,DEVSIEWEB
dbo,spMONINTSelEstadoIntegraciones,DEVSIEWEB
dbo,spMONINTSelIntegracionDisponible,DEVSIEWEB
dbo,SpMOTBLOUSUSelMotivosBloqueo,DEVSIEWEB
dbo,SpMotivoNotaSelMotivoNota,DEVSIEWEB
dbo,spMOVCBCONCBSelValoresCamposClaveCB,DEVSIEWEB
dbo,spMOVCBInsExportarRecaudoHistorico,DEVSIEWEB
dbo,spMOVCBInsMovimientoCB,DEVSIEWEB
dbo,spMOVCBSelConsultarCB,DEVSIEWEB
dbo,spMOVCBSelConsultarDetalleOperacionCB,DEVSIEWEB
dbo,spMOVCBSelConsultarInfoCajero,DEVSIEWEB
dbo,spMOVCBSelConsultarRecaudosHistorico,DEVSIEWEB
dbo,spMOVESTCONBLODesbloquearGiro,DEVSIEWEB
dbo,spMOVESTSelConsultarEstadosOpe,DEVSIEWEB
dbo,spMOVESTSelPorCategoria,DEVSIEWEB
dbo,spMOVESTSelRegistrosEstadoPRE,DEVSIEWEB
dbo,spMOVFESelValidarRegistro,DEVSIEWEB
dbo,spMOVFEUpdEstadoMovimientoFE,DEVSIEWEB
dbo,spMOVInsExportarRecaudoCBHistorico,DEVSIEWEB
dbo,spMOVInsExportarRecaudoHistorico,DEVSIEWEB
dbo,spMOVPLACBInsMovPlanaCB,DEVSIEWEB
dbo,spMOVPLACBSelMovimientoCB,DEVSIEWEB
dbo,spMOVPLACBUpdConfirmarPagoDevCB,DEVSIEWEB
dbo,spMOVPLASelReferenciaMovPlanaCB,DEVSIEWEB
dbo,spMovProdPagSelRedespachosProductoPago,DEVSIEWEB
dbo,spMovProdPagUpdPuntoServicio,DEVSIEWEB
dbo,spMovProdPagUpdRedespachosProductoPago,DEVSIEWEB
dbo,spMOVPROPAGSelConsultarDocPagoAutorizado,DEVSIEWEB
dbo,spMOVPROPAGSelConsultarProductoPagoMultiple,DEVSIEWEB
dbo,spMOVPROPAGSelConsultarProductosPago,DEVSIEWEB
dbo,spMOVPROPAGSelReporteOperaciones,DEVSIEWEB
dbo,spMOVPROPAGSelValidarPagoProductoPago,DEVSIEWEB
dbo,spMOVPROPAGUpdAnularProductoPago,DEVSIEWEB
dbo,spMOVPROPAGUpdAnularProductoPagoMultiple,DEVSIEWEB
dbo,spMOVPROPAGUpdMarcarPagandoProductoPago,DEVSIEWEB
dbo,spMOVPROPLASELCampoClave,DEVSIEWEB
dbo,spMOVPROPLAUpdCampo,DEVSIEWEB
dbo,spMOVPROPLAUpdCampoClave,DEVSIEWEB
dbo,spMOVPROPUNSelConsultarDatosOperaciones,DEVSIEWEB
dbo,spMOVPROSelReporteProyectoPuntoServicio,DEVSIEWEB
dbo,spMOVPSELConsultaInformeCarga,DEVSIEWEB
dbo,SpMOVRECSelDetalleRecarga,DEVSIEWEB
dbo,spMOVRECSelUltimasRecargas,DEVSIEWEB
dbo,spMOVSelConsultarEfectyPagosMultiple,DEVSIEWEB
dbo,spMOVSelConsultarFVE,DEVSIEWEB
dbo,spMOVSelConsultarGiroFE,DEVSIEWEB
dbo,spMOVSelConsultarInfoCajero,DEVSIEWEB
dbo,spMOVSelConsultarInfoCajeroCUP,DEVSIEWEB
dbo,spMOVSelConsultarInfoEfectyPagos,DEVSIEWEB
dbo,spMOVSelConsultarOS,DEVSIEWEB
dbo,spMOVSelConsultarRecaudosHistorico,DEVSIEWEB
dbo,spMOVSelConsultarValoresFlete,DEVSIEWEB
dbo,spMOVSelDatosGiroxDoc,DEVSIEWEB
dbo,spMOVSelDatosNumeroGiro,DEVSIEWEB
dbo,spMOVSELGirosSAC,DEVSIEWEB
dbo,spMOVSelMOVConsultarRecaudoCBHistorico,DEVSIEWEB
dbo,spMOVSelMovimientoPrescrito,DEVSIEWEB
dbo,spMOVSelMovimientosXDocumento,DEVSIEWEB
dbo,spMOVSelOperacionesFacturas,DEVSIEWEB
dbo,spMOVSelReporteHistorialInventarioPV,DEVSIEWEB
dbo,spMOVSelVerificarCambioDestinatario,DEVSIEWEB
dbo,spMOVUpdAnularEfectyPagos,DEVSIEWEB
dbo,spMOVUpdAnularEfectyPagosMultiple,DEVSIEWEB
dbo,spMOVUpdBloquearGiroMediosDePago,DEVSIEWEB
dbo,spMOVUpdHabilitaPago,DEVSIEWEB
dbo,spMUNDANSelMunicipiosDANE,DEVSIEWEB
dbo,spMUNDANSelMunicipiosDepartamentos,DEVSIEWEB
dbo,spMUNDANSelMunicipiosRegional,DEVSIEWEB
dbo,spMUNDANUpdInformacion,DEVSIEWEB
dbo,spMUNREGSelValidaRegPS,DEVSIEWEB
dbo,spMunSelConsultaMunicipioDane,DEVSIEWEB
dbo,spMUNSelMunicipioDescripcionXCod,DEVSIEWEB
dbo,spMUNSelMunicipiosDANE,DEVSIEWEB
dbo,SpMUNSelPaisRegionalMunicipio,DEVSIEWEB
dbo,spNIVESCSelConsultarDatosNivel,DEVSIEWEB
dbo,SpNotasDeletNotasDebCred,DEVSIEWEB
dbo,SpNotasInsNotasDebCred,DEVSIEWEB
dbo,SpNotasSelNotasDebCred,DEVSIEWEB
dbo,SpNotasUpdNotasDebCred,DEVSIEWEB
dbo,spNOTInsInsertarNotaDebitoDFA,DEVSIEWEB
dbo,spNOTMOVSelConsultarDatosNotas,DEVSIEWEB
dbo,spNOTMOVSelConsultarDatosNotasCupon,DEVSIEWEB
dbo,spNOVPROPAGSelConsultarNovedadesXFecha,DEVSIEWEB
dbo,spNOVPROPAGSelConsultarValorCampos,DEVSIEWEB
dbo,spNOVPROPAGSelGiroEmpresarial,DEVSIEWEB
dbo,spNOVPROPAGSelNovedad,DEVSIEWEB
dbo,spNOVPROPAGSelReporteFondoProyectoPago,DEVSIEWEB
dbo,spNOVPROPAGUpdNovedadesProductoPago,DEVSIEWEB
dbo,spOPERPAQInsOperadorPaquete,DEVSIEWEB
dbo,SpPAGSelMovimientosClienteLive,DEVSIEWEB
dbo,spPAISelPaisesDisponibles,DEVSIEWEB
dbo,spPAIUpdInformacion,DEVSIEWEB
dbo,spPAQInsPaquete,DEVSIEWEB
dbo,spPAQSelConsultarPaquetexCodigo,DEVSIEWEB
dbo,spPAQSelOperador,DEVSIEWEB
dbo,SPPAQSelOperadorPaquetesPS,DEVSIEWEB
dbo,SPPAQSelOperadorXPaquetesPS,DEVSIEWEB
dbo,spPAQSelPaquetesOperador,DEVSIEWEB
dbo,spPAQUpdEstadoValorPaquete,DEVSIEWEB
dbo,spPARCORSelParamCorresponsal,DEVSIEWEB
dbo,spPARCORSelParamCorresponsalSocket,DEVSIEWEB
dbo,spPARCORSelParamPorCorreTipo,DEVSIEWEB
dbo,spPARCORSelParamxNombre,DEVSIEWEB
dbo,spPARCORUpdValorParametro,DEVSIEWEB
dbo,spPARFORSelInfoContribuyente,DEVSIEWEB
dbo,spPARFORSelParametrosRoles,DEVSIEWEB
dbo,spPARGENPSSelConsultarParamForm,DEVSIEWEB
dbo,spPARGENPSUpdParamFormulario,DEVSIEWEB
dbo,spPARGENSelParametrosCacheCB,DEVSIEWEB
dbo,spPARGENSelParametrosCacheSieweb,DEVSIEWEB
dbo,spPARGENSelParametrosMonitorCB,DEVSIEWEB
dbo,spPARGENSelParametrosPosCache,DEVSIEWEB
dbo,spPARGENUpdActualizaParametro,DEVSIEWEB
dbo,spPARINSSelProgramasActivos,DEVSIEWEB
dbo,spPARINTSelConsultarPiePagina,DEVSIEWEB
dbo,spPARINTSelConsultarURLContacto,DEVSIEWEB
dbo,spParIntSelParametrosIntegracion,DEVSIEWEB
dbo,spPARINTUpdValorParametro,DEVSIEWEB
dbo,spPARMENSelParametrosMensaje,DEVSIEWEB
dbo,spPARNUBactualizarValor,DEVSIEWEB
dbo,spPARNUBSelParametroRecomendacion,DEVSIEWEB
dbo,spPARNUBSelParametrosGeneralesNube,DEVSIEWEB
dbo,SpPARNUBUpdParametrosNube,DEVSIEWEB
dbo,spPASINFCOMInsCrearPasarelaInfoComercio,DEVSIEWEB
dbo,spPASINFCOMSelXCodigoProyecto,DEVSIEWEB
dbo,spPASLIQDelAgrupadoValores,DEVSIEWEB
dbo,spPASLIQDelValores,DEVSIEWEB
dbo,spPASLIQInsValores,DEVSIEWEB
dbo,spPASLIQSelvalores,DEVSIEWEB
dbo,spPASLIQUpdValores,DEVSIEWEB
dbo,spPASOFEInsPasarelaOfertas,DEVSIEWEB
dbo,spPASOFESelPasarelaOfertas,DEVSIEWEB
dbo,spPASOFEUpdPasarelaOfertas,DEVSIEWEB
dbo,spPASPLAWEBSelPlantillasWeb,DEVSIEWEB
dbo,spPASTRAUpdConfirmarTransaccion,DEVSIEWEB
dbo,spPCMANinsManual,DEVSIEWEB
dbo,spPCMANselManuales,DEVSIEWEB
dbo,spPCMANupdInhabilitar,DEVSIEWEB
dbo,spPCMANupdManual,DEVSIEWEB
dbo,spPCTUTinsTutorial,DEVSIEWEB
dbo,spPCTUTselTutoriales,DEVSIEWEB
dbo,spPCTUTupdInhabilitar,DEVSIEWEB
dbo,spPCTUTupdTutorial,DEVSIEWEB
dbo,SpPEOSOFInsProIntAPBICMGL,DEVSIEWEB
dbo,spPINENUpdActualizarPinEnrolamiento,DEVSIEWEB
dbo,spPINGESSelConsultarSolicitantePINES,DEVSIEWEB
dbo,spPINGESSelConsultarSolicitudesPINES,DEVSIEWEB
dbo,spPINPARSelPinActivo,DEVSIEWEB
dbo,spPINPARUpdConfirmarPin,DEVSIEWEB
dbo,spPINRECSelPinesRegistraduria,DEVSIEWEB
dbo,spPLAAPLInsPlantillaAplicacionxSOAMODPLA,DEVSIEWEB
dbo,spPLAAPLSelConsultarAplicaciones,DEVSIEWEB
dbo,spPLAAPLSelPlantillaAplicacion,DEVSIEWEB
dbo,spPLAAPLUpdDatosPlantillasAplicacion,DEVSIEWEB
dbo,spPLABANSelConstruirCodigoBarras,DEVSIEWEB
dbo,spPLABANSelConsultaPlantillasBancosPS,DEVSIEWEB
dbo,spPLAIMPSelConsultaOperacionPlantillas,DEVSIEWEB
dbo,spPLAIMPSelConsultaVersionPlantillas,DEVSIEWEB
dbo,spPLAIMPSelPlantilla,DEVSIEWEB
dbo,spPLAIMPSelPlantillaImpresion,DEVSIEWEB
dbo,spPONPESSelEstrategias,DEVSIEWEB
dbo,spPONPROVALSelProyectosVariableManual,DEVSIEWEB
dbo,spPORPREFREinsPregunta,DEVSIEWEB
dbo,spPORPREFRESelCategoriaPts,DEVSIEWEB
dbo,spPORPREFREselPorCateg,DEVSIEWEB
dbo,spPORPREFREupdCateg,DEVSIEWEB
dbo,spPORPREFREupdInhabiliCategoria,DEVSIEWEB
dbo,spPORPREFREupdInhabilitar,DEVSIEWEB
dbo,spPORPREFREupdPregunta,DEVSIEWEB
dbo,spPREDelPresupuestoPsProyecto,DEVSIEWEB
dbo,spPREFRECLIInsPreguntasFrecuentes,DEVSIEWEB
dbo,spPREFRECLISelPreguntasPorMarca,DEVSIEWEB
dbo,spPREFRECLIUpdPreguntasFrecuentes,DEVSIEWEB
dbo,spPREInsPregunta,DEVSIEWEB
dbo,SpPREPAPDelEliminaPresupuestoPAP,DEVSIEWEB
dbo,SpPREPAPInsCrearPresupuestoPAP,DEVSIEWEB
dbo,spPREPAPNUEDelPresupuestoPAPNuevo,DEVSIEWEB
dbo,spPREPAPNUESelPresupuestoPAPCargue,DEVSIEWEB
dbo,spPREPAPNUESelPresupuestoPAPNuevo,DEVSIEWEB
dbo,spPREPAPNUEUpdPresupuestoPAPNuevo,DEVSIEWEB
dbo,SpPREPAPSelConsultarPresupuestoPAP,DEVSIEWEB
dbo,spPRESelPreguntaxID,DEVSIEWEB
dbo,spPRESelPresupuestoPsProyecto,DEVSIEWEB
dbo,spPRESelxIDSeccion,DEVSIEWEB
dbo,spPREUpdEliminarPregunta,DEVSIEWEB
dbo,spPREUpdPregunta,DEVSIEWEB
dbo,spProActTesoreriaProyecto,DEVSIEWEB
dbo,spPROCLICATSelProyectosCategoria,DEVSIEWEB
dbo,spPROCLISelProyectosClienteEmp,DEVSIEWEB
dbo,spPROCLIUpdProyectoCategoria,DEVSIEWEB
dbo,spPROCONInsCondicionPromocion,DEVSIEWEB
dbo,spPROCONSelCondicionesPromocion,DEVSIEWEB
dbo,spPROCONUpdCondicionPromocion,DEVSIEWEB
dbo,spPROCORInsProductoCorresponsal,DEVSIEWEB
dbo,spPROCORPUNDelPuntoServicioCorresponsal,DEVSIEWEB
dbo,spPROCORPUNSelModificacionPersonalizada,DEVSIEWEB
dbo,spPROCORPUNSelTopes,DEVSIEWEB
dbo,spPROCORPUNUpdProductoCorresponsalPunto,DEVSIEWEB
dbo,spPROCORSelDatosCorresponsal,DEVSIEWEB
dbo,spPROCORSelMunicipioProyectoCorresponsal,DEVSIEWEB
dbo,spPROCORSelProductoCorresponsal,DEVSIEWEB
dbo,spPROCORUpdProductoCorresponsal,DEVSIEWEB
dbo,spPRODelBeneficiarioAnticipos,DEVSIEWEB
dbo,spPRODelCamposCodigoBarras,DEVSIEWEB
dbo,spPRODelCargaArchivos,DEVSIEWEB
dbo,spPRODelConfiguracionPines,DEVSIEWEB
dbo,spPRODelDescargaArchivos,DEVSIEWEB
dbo,spPRODelProyectosFormatoEfecty,DEVSIEWEB
dbo,spPRODelProyectosInventario,DEVSIEWEB
dbo,spPRODelProyectosValidaCampo,DEVSIEWEB
dbo,spPRODelProyectosValidaCampoXProyecto,DEVSIEWEB
dbo,spPROEXTInsConfiguracionMonitorIntegraciones,DEVSIEWEB
dbo,spPROEXTSelActivoParaPin,DEVSIEWEB
dbo,SpPROEXTSelCodigoCIIU,DEVSIEWEB
dbo,spPROEXTSelConfiguracionMonitorIntegraciones,DEVSIEWEB
dbo,spPROEXTSelConsultarConfigPP,DEVSIEWEB
dbo,spPROEXTSelConsultarIvaProyecto,DEVSIEWEB
dbo,spPROEXTSelMultiplosRecarga,DEVSIEWEB
dbo,SpPROEXTSelProyectosIntegracionesCastigadas,DEVSIEWEB
dbo,SpPROEXTSelProyectosIntegracionesProblema,DEVSIEWEB
dbo,spPROEXTSelProyectosInventario,DEVSIEWEB
dbo,spPROEXTSelProyectosManejoBolsaActivo,DEVSIEWEB
dbo,spPROEXTSelProyectosManejoInventario,DEVSIEWEB
dbo,spPROEXTSelVentanaMonitoreoIntegracion,DEVSIEWEB
dbo,spPROEXTUpdActualizarEstadoTesoreria,DEVSIEWEB
dbo,spPROEXTUpdLiqAgrupada,DEVSIEWEB
dbo,spPROEXTUpdNombreComercialProyecto,DEVSIEWEB
dbo,spPROEXTUpdParametrosConfigProyectoSisinf,DEVSIEWEB
dbo,spPROEXTUpdProyectosInventario,DEVSIEWEB
dbo,spPROEXTUpdTipoCobertura,DEVSIEWEB
dbo,spPROInsAlertasConfiguradasInventario,DEVSIEWEB
dbo,spPROInsCamposCodigoBarras,DEVSIEWEB
dbo,spPROINSCargaArchivos,DEVSIEWEB
dbo,spPROInsConfiguracionPines,DEVSIEWEB
dbo,spPROINSDescargaArchivos,DEVSIEWEB
dbo,spPROINSParametrosIntegracion,DEVSIEWEB
dbo,spPROInsProductosConfiguradosInventario,DEVSIEWEB
dbo,spPROINSProyectosFormatoEfecty,DEVSIEWEB
dbo,spPROLIQInsLiquidacionSubProyectos,DEVSIEWEB
dbo,spPROLIQSelDatosProductos,DEVSIEWEB
dbo,spPROLIQSelFechasLiquidacion,DEVSIEWEB
dbo,SpPROLIQSelLiquidacionProyectos,DEVSIEWEB
dbo,spPROLOTSelBilleteAleatorioLottiRed,DEVSIEWEB
dbo,spPROLOTSelConfiguracionRangoSerie,DEVSIEWEB
dbo,spPROLOTSelConsultaProyectoLoteria,DEVSIEWEB
dbo,spPROLOTSelConsultaProyectoLoteriaId,DEVSIEWEB
dbo,spPROLOTSelConsultarProyectoLoteria,DEVSIEWEB
dbo,spPROLOTSelFraccionBilleteLoteria,DEVSIEWEB
dbo,spPROLOTSelProyectoNitCliente,DEVSIEWEB
dbo,spPROLOTSInsUpdProyectoLoteria,DEVSIEWEB
dbo,spPROLOTUpdProyectoLoteriaImagen,DEVSIEWEB
dbo,spPROPAGMUNSelPresupuestosMunicipio,DEVSIEWEB
dbo,spPROPSDelProyectosPS,DEVSIEWEB
dbo,spPROPSInsProyectosPS,DEVSIEWEB
dbo,SpPROPSSelPuntosServicioProyecto,DEVSIEWEB
dbo,SpPROPSSelPuntosServicioProyectoTemp,DEVSIEWEB
dbo,spPROPSSelValidarPuntoServicioProyecto,DEVSIEWEB
dbo,spPROPSTEMDelProyectosPSTemp,DEVSIEWEB
dbo,spPRORECASOSelConsultarProyRecaudo,DEVSIEWEB
dbo,spPROSECSelTerminosCondicionesTarificador,DEVSIEWEB
dbo,spPROSelAlertasInventario,DEVSIEWEB
dbo,spPROSelBeneficiarioAnticiposBD,DEVSIEWEB
dbo,spPROSelCamposCodigoBarras,DEVSIEWEB
dbo,spPROSELCargaArchivos,DEVSIEWEB
dbo,SpPROselClienteProyecto,DEVSIEWEB
dbo,SpPROSelClientesXProyecto,DEVSIEWEB
dbo,spPROSelConsultarDatosProyecto,DEVSIEWEB
dbo,spPROSelConsultarDescripcionProyectos,DEVSIEWEB
dbo,spPROSelConsultarDetalleTipoTarifa,DEVSIEWEB
dbo,spPROSelConsultarListaProyectos,DEVSIEWEB
dbo,spPROSelConsultarProyectosGeneral,DEVSIEWEB
dbo,spPROSelConsultarProyectosReporteOperacion,DEVSIEWEB
dbo,spPROSelConsultarProyectosTodos,DEVSIEWEB
dbo,spPROSelConsultarTarifasPorProyecto,DEVSIEWEB
dbo,spPROSelControlaFondoOpe,DEVSIEWEB
dbo,spPROSelConvenioLotes,DEVSIEWEB
dbo,SpPROSelConveniosAsociados,DEVSIEWEB
dbo,spPROSelCorresponsalias,DEVSIEWEB
dbo,spPROSelDatosLogistica,DEVSIEWEB
dbo,spPROSELDescargaArchivos,DEVSIEWEB
dbo,spPROSelEstadosProyectosInventario,DEVSIEWEB
dbo,spPROSELParametrosIntegracionConsulta,DEVSIEWEB
dbo,spPROSELParametrosIntegracionProcesamiento,DEVSIEWEB
dbo,spPROSELParametrosIntegracionValidacion,DEVSIEWEB
dbo,spPROSelPinesConfigurados,DEVSIEWEB
dbo,spPROSelProductosConfiguradosInventario,DEVSIEWEB
dbo,SpPROSelProyectos,DEVSIEWEB
dbo,spPROSelProyectos_Ext,DEVSIEWEB
dbo,spPROSelProyectosActCre,DEVSIEWEB
dbo,spPROSelProyectosActInt,DEVSIEWEB
dbo,spPROSelProyectosConCorresponsal,DEVSIEWEB
dbo,SpPROSelProyectosFiltroCB,DEVSIEWEB
dbo,spPROSelProyectosHabConvenios,DEVSIEWEB
dbo,spPROSelProyectosInventario,DEVSIEWEB
dbo,spPROSelProyectosManejaBolsa,DEVSIEWEB
dbo,spPROSelProyectosProductoPago,DEVSIEWEB
dbo,spPROSelProyectosProductoPagoIntegracion,DEVSIEWEB
dbo,spPROSelProyectosPromocion,DEVSIEWEB
dbo,SpPROSelProyectosRecargasPS,DEVSIEWEB
dbo,spPROSelProyectosSistemaRecomendaciones,DEVSIEWEB
dbo,spPROSelProyectosXPAP,DEVSIEWEB
dbo,spPROSelProyectoTodos,DEVSIEWEB
dbo,spPROSelProyectoXCodigo,DEVSIEWEB
dbo,spProSelTesoreriaProyecto,DEVSIEWEB
dbo,spPROSelTipoAlertasInventario,DEVSIEWEB
dbo,spPROSelTipoIdProy,DEVSIEWEB
dbo,spPROSelTiposOperacion,DEVSIEWEB
dbo,SpPROSelTopesProyectoPago,DEVSIEWEB
dbo,spPROSELValidaCampos,DEVSIEWEB
dbo,spPROSUBSELCodServicio,DEVSIEWEB
dbo,spPROTOPPROSelProyectoTopesQR,DEVSIEWEB
dbo,spPROUpdActualizarDatosLogisticaProyecto,DEVSIEWEB
dbo,spPROUpdDescargaArchivos,DEVSIEWEB
dbo,SpPROUpdInsTopesProyectoPago,DEVSIEWEB
dbo,spPROUpdParametrosIntegracion,DEVSIEWEB
dbo,spPROUpdProyectosFormatoEfecty,DEVSIEWEB
dbo,spPROUpdProyectosIntegracion,DEVSIEWEB
dbo,spPROUpdProyectoValidaCampos,DEVSIEWEB
dbo,SpPROUpdReiniciarAcumulado,DEVSIEWEB
dbo,spPROVENInsProductos,DEVSIEWEB
dbo,spProVenSelConsultarSaldo,DEVSIEWEB
dbo,spProVenSelConsultarTope,DEVSIEWEB
dbo,spPROVENSelProductos,DEVSIEWEB
dbo,spPROVENSelProductosxProyecto,DEVSIEWEB
dbo,spPROVENSelProductoXProyecto,DEVSIEWEB
dbo,spProVenUpdAfectarSaldo,DEVSIEWEB
dbo,spPROVENVALSelValorProducto,DEVSIEWEB
dbo,spPROVENVALUpdValorProducto,DEVSIEWEB
dbo,SpProyectoSelProyectoClientesEmp,DEVSIEWEB
dbo,spPROYRECARSelProductoPorProyecto,DEVSIEWEB
dbo,spPSDEPMUNSelCodigoDane,DEVSIEWEB
dbo,spPSInterfazCharryCXPeople,DEVSIEWEB
dbo,spPSTIENDelTipoYMedioEnvio,DEVSIEWEB
dbo,spPSTIENselTipoYMedioEnvio,DEVSIEWEB
dbo,spPSTIENUpdTipoYMedioEnvio,DEVSIEWEB
dbo,spPSTipEnvSelTipoEnvioPsAnticipoSencillo,DEVSIEWEB
dbo,spPSTipEnvSelTiposEnvioPs,DEVSIEWEB
dbo,SpPUNEXTSelConfiguracionSR,DEVSIEWEB
dbo,spPUNEXTSelMetaDesabastecimiento,DEVSIEWEB
dbo,spPUNMODInsDatosAsociados,DEVSIEWEB
dbo,spPUNMODInsRegistrarPuntoModulo,DEVSIEWEB
dbo,spPUNMODSelPuntoServicioModulo,DEVSIEWEB
dbo,spPUNMODSelValidarExistenciaRegistro,DEVSIEWEB
dbo,spPUNMOVPROSelConsultarDetalleOperacion,DEVSIEWEB
dbo,spPUNSelConsultaPuntoServicio,DEVSIEWEB
dbo,spPUNSelConsultarPuntoServicioContratista,DEVSIEWEB
dbo,spPUNSelInfoAdicionalPunto,DEVSIEWEB
dbo,spPUNSelPuntosSistemaPagador,DEVSIEWEB
dbo,SpPUNSelPuntosXContratista,DEVSIEWEB
dbo,SpPUNSelPuntosXContratistaEstado,DEVSIEWEB
dbo,spPUNSEREXTSelConsultaActivacionFE,DEVSIEWEB
dbo,spPUNSEREXTSelConsultaActivacionLinkRetiro,DEVSIEWEB
dbo,spPUNSEREXTSelConsultarAuxiliarRegional,DEVSIEWEB
dbo,spPUNSEREXTSelConsultarDatosDatafonia,DEVSIEWEB
dbo,spPUNSEREXTSelConsultarDatosPAPExt,DEVSIEWEB
dbo,spPUNSEREXTSelConsultarResumenHorario,DEVSIEWEB
dbo,spPUNSEREXTSelConsultarSaldoNegativo,DEVSIEWEB
dbo,spPUNSEREXTSelConsultaTopeNegativoPS,DEVSIEWEB
dbo,spPUNSEREXTSelDatosUbicacion,DEVSIEWEB
dbo,spPUNSEREXTSelRecomendacionesActivasPAP,DEVSIEWEB
dbo,spPUNSEREXTSelTopeNegativoVSReqLiquidez,DEVSIEWEB
dbo,spPUNSEREXTSelValidacionCodUnico,DEVSIEWEB
dbo,spPUNSEREXTUPDActualizarCentroPAPExt,DEVSIEWEB
dbo,spPUNSEREXTUpdActualizarDatosPAPExt,DEVSIEWEB
dbo,spPUNSEREXTUpdActualizarResumenHorario,DEVSIEWEB
dbo,spPUNSEREXTUpdAuxiliarRegional,DEVSIEWEB
dbo,spPUNSEREXTUpdDatosDatafonia,DEVSIEWEB
dbo,spPUNSEREXTUpdInformacionPSE,DEVSIEWEB
dbo,spPUNSEREXTUpdSaldoNegativo,DEVSIEWEB
dbo,spPUNSEREXTUpdTopeMedioPago,DEVSIEWEB
dbo,spPUNSEREXTUpdTopesModificables,DEVSIEWEB
dbo,spPUNSERSelAdicionesDescuentos,DEVSIEWEB
dbo,spPUNSERSelAdicyDescPendientes,DEVSIEWEB
dbo,spPUNSERSelCentrosCostos,DEVSIEWEB
dbo,spPUNSERSelCodDanePorPS,DEVSIEWEB
dbo,spPUNSERSelConsultaPSLinkRetiro,DEVSIEWEB
dbo,spPUNSERSelConsultarCamposPS,DEVSIEWEB
dbo,spPUNSERSelConsultarPSXRegionalDepartamentoEstado,DEVSIEWEB
dbo,spPUNSERSelConsultarTopesModificables,DEVSIEWEB
dbo,spPUNSERSelDatosPAP,DEVSIEWEB
dbo,spPUNSERSelDirectorioPAP,DEVSIEWEB
dbo,spPUNSERSelInformacionPSE,DEVSIEWEB
dbo,spPUNSERSelMedioAbastecimiento,DEVSIEWEB
dbo,spPUNSERSelNovedadesAdicionesyDescuentos,DEVSIEWEB
dbo,spPUNSERSelPorcentajeSaldos,DEVSIEWEB
dbo,SpPUNSERSelPromedioMovilizadoCantidadDesabastecimiento,DEVSIEWEB
dbo,spPUNSERSELPuntoServicioActivo,DEVSIEWEB
dbo,spPUNSERSelPuntoServicioXRegionalYMunicipio,DEVSIEWEB
dbo,spPUNSERSelPuntosServicio,DEVSIEWEB
dbo,spPUNSERSelPuntosSistemaPagador,DEVSIEWEB
dbo,spPunSerSelRollos,DEVSIEWEB
dbo,spPUNSERSelValidarPuntoServicio,DEVSIEWEB
dbo,SpPUNSERSelVersionPSSistemaValido,DEVSIEWEB
dbo,spPUNSERTOPTECSelConsultarTopesTecho,DEVSIEWEB
dbo,spPUNSERTOPTECSelConsultarTopesTechoLog,DEVSIEWEB
dbo,spPUNSERTOPTECSelMaximoTopeCaja,DEVSIEWEB
dbo,spPUNSERUpdActualizarParametrosPS,DEVSIEWEB
dbo,SpPUNSERUpdCentroCostos,DEVSIEWEB
dbo,SpPUNSERUpdLimitesOperacion,DEVSIEWEB
dbo,SpPUNSERUpdLimitesOperacionMasivo,DEVSIEWEB
dbo,SpPUNSERUpdMontoFueradeCaja,DEVSIEWEB
dbo,spPUNUpdUbicacion,DEVSIEWEB
dbo,spQRFORPASelFormaPago,DEVSIEWEB
dbo,spQRPROInsUpdQRProyecto,DEVSIEWEB
dbo,spQRPROSelProyectoQR,DEVSIEWEB
dbo,spQRTIPSelTipoQR,DEVSIEWEB
dbo,spRANAPRdelEliminarRango,DEVSIEWEB
dbo,spRANAPRInsRango,DEVSIEWEB
dbo,spRANAPRSelRango,DEVSIEWEB
dbo,spRANAPRSelRangoxID,DEVSIEWEB
dbo,spRANAPRUpdRango,DEVSIEWEB
dbo,spRANMOVOPELIQInsTarifaProyecto,DEVSIEWEB
dbo,spRANMUNICADelRangosIca,DEVSIEWEB
dbo,spRANMUNICAInsRangoMunicipioIca,DEVSIEWEB
dbo,spRANMUNICAUpdRangoMunicipioIca,DEVSIEWEB
dbo,spRANTARDelRANGOSTARIFAS,DEVSIEWEB
dbo,spRANTARDelRegistrosTodos,DEVSIEWEB
dbo,spRANTARInsRANGOSTARIFAS,DEVSIEWEB
dbo,spRANTARSelRANGOSTARIFAS,DEVSIEWEB
dbo,spRANTARUpdRANGOSTARIFAS,DEVSIEWEB
dbo,spRECCIISelCalificacion,DEVSIEWEB
dbo,SpRECCLIselLstCodigosCIIU,DEVSIEWEB
dbo,spRechazarSolicitud,DEVSIEWEB
dbo,spRECInsRecomendaciones,DEVSIEWEB
dbo,SpRECSelProyectoProveedorProcesamiento,DEVSIEWEB
dbo,spRECSINSelRecuperacionMasivo,DEVSIEWEB
dbo,SpRECSINSelSiniestros,DEVSIEWEB
dbo,SpRECSINUpdRecuperaciones,DEVSIEWEB
dbo,spRECSINUpdRecuperacionMasivo,DEVSIEWEB
dbo,spRECUpdEstadoRecomendaciones,DEVSIEWEB
dbo,spRECUpdRecomendaciones,DEVSIEWEB
dbo,spREDCONSelContratistaXPS,DEVSIEWEB
dbo,spREDCONselPapXIdContratista,DEVSIEWEB
dbo,spREDCONSelRedPs,DEVSIEWEB
dbo,spREFTIPTERDelReferenciaTipoTer,DEVSIEWEB
dbo,spREFTIPTERSelConsultarRefTipoTerminal,DEVSIEWEB
dbo,spREFTIPTERSelEliminarReferenciaBD,DEVSIEWEB
dbo,spREFTIPTERUpdActualizarRefTiposTerminales,DEVSIEWEB
dbo,spREGCONTSelRegionalxContratista,DEVSIEWEB
dbo,spREGCORInsGuardarDatosRegistroCorreo,DEVSIEWEB
dbo,spREGIMPInsGuardarRegistroImpresion,DEVSIEWEB
dbo,spREGIMPSelConsultarDatosRegistroImpresion,DEVSIEWEB
dbo,spRegIntOpeInsClienteNoPermitido,DEVSIEWEB
dbo,spREGOPEInsGuardarDatosOperacionHue,DEVSIEWEB
dbo,spREGOPEInsGuardarDatosOperacionPin,DEVSIEWEB
dbo,SpREGOPESelConsultarDetalleMov,DEVSIEWEB
dbo,SpREGOPESelConsultarDetalleMovimiento,DEVSIEWEB
dbo,SpREGOPESelConsultarDetalleMovSimple,DEVSIEWEB
dbo,spREGOPEUpdActualizarTirillaRegistroOperaciones,DEVSIEWEB
dbo,spREGOPEUpdActualizarValidacionDocumentos,DEVSIEWEB
dbo,SpREGSelAnticipoSugeridoPredictivo,DEVSIEWEB
dbo,spREGSelPinRegistraduria,DEVSIEWEB
dbo,spREGSelRegionalesPorMunicipiosDane,DEVSIEWEB
dbo,spREGSelRegistraduria,DEVSIEWEB
dbo,spREGSelSMSTratamientoDatosXRegional,DEVSIEWEB
dbo,SpREGTRADelEliminarRegistro,DEVSIEWEB
dbo,spREGTRASelCodigoPopDuplicados,DEVSIEWEB
dbo,spREGTRAUpdRegTVMDCDiarias,DEVSIEWEB
dbo,spREGUpdInformacion,DEVSIEWEB
dbo,spREGUSUSelConsultarCorreo,DEVSIEWEB
dbo,spREGVISPAPInsRegistroVisita,DEVSIEWEB
dbo,spREGVISPAPSelDatosUltVisitaPAP,DEVSIEWEB
dbo,spREGVISPAPUpdRegistroVisita,DEVSIEWEB
dbo,spRELCAMDISPAGSelCamposCorresponsal,DEVSIEWEB
dbo,spREPCIEDATInsReporteCierreDatafonia,DEVSIEWEB
dbo,spREPCIEDATSelCanDiasUltiCierreDF,DEVSIEWEB
dbo,spREPCIEDATSelValidarCierre,DEVSIEWEB
dbo,spREPCIEDATUpdActualizaCierreDF,DEVSIEWEB
dbo,spREPHUEInsCargueArchivoHuellas,DEVSIEWEB
dbo,spREPHUEInsCargueOperacionesHuellas,DEVSIEWEB
dbo,spREPHUESelArchivosOperacionHuella,DEVSIEWEB
dbo,spREPHUESelArchivosPendientesProcesar,DEVSIEWEB
dbo,spREPHUESelOperacionesFctHuella,DEVSIEWEB
dbo,spREPHUESelOperacionesHuellaError,DEVSIEWEB
dbo,spREPHUESelOperacionesOsHuella,DEVSIEWEB
dbo,spREPHUESelOperacionesPinAutorizado,DEVSIEWEB
dbo,spREPHUESelTotalPendientesProcesar,DEVSIEWEB
dbo,spREPHUEUpdFechaNotificacionArchivoHuellas,DEVSIEWEB
dbo,spREPHUEUpdTotalesArchivoHuellas,DEVSIEWEB
dbo,spREPHUEUpdValidarArchivoHuellas,DEVSIEWEB
dbo,spReporteMDCOtrosIE,DEVSIEWEB
dbo,spRESENDSelEndpointRest,DEVSIEWEB
dbo,spRESInsRespuesta,DEVSIEWEB
dbo,spRESSelPorcentAprobacion,DEVSIEWEB
dbo,spRESSelxIDPregunta,DEVSIEWEB
dbo,spRESUpdEliminarRespuesta,DEVSIEWEB
dbo,spRESUpdRespuesta,DEVSIEWEB
dbo,spRIEESTInsCalificacionEstandar,DEVSIEWEB
dbo,spRIEVARMODInsVariablesModelo,DEVSIEWEB
dbo,spRIEVARMODSelVariablesModelo,DEVSIEWEB
dbo,spRIEVAROPEInsVariablesOperaciones,DEVSIEWEB
dbo,spRIEVAROPESelVariablesOperaciones,DEVSIEWEB
dbo,spRIEVARSEGALAUpdSeguridadAlarma,DEVSIEWEB
dbo,spRIEVARSEGCAJFUEUpdSeguridadCajaFuerte,DEVSIEWEB
dbo,spRIEVARSEGCCTUpdSeguridadCCTV,DEVSIEWEB
dbo,spRIEVARSEGMODSelVariables,DEVSIEWEB
dbo,spRIEVARSEGMODUpdSeguridadModulo,DEVSIEWEB
dbo,spROLAPLSOADelRolesAplicacionSOA,DEVSIEWEB
dbo,spROLAPLSOAInsRolesAplicacionSOA,DEVSIEWEB
dbo,spROLAPLSOASelRolesAplicacionSOA,DEVSIEWEB
dbo,spROLAPLSOAUpdRolesAplicacionSOA,DEVSIEWEB
dbo,spROLCONDelConceptosRollos,DEVSIEWEB
dbo,spROLCONInsConceptosRollos,DEVSIEWEB
dbo,spROLCONSelConceptosRollos,DEVSIEWEB
dbo,spROLCONTPDelConceptosRollosTP,DEVSIEWEB
dbo,spROLCONTPInsConceptosRollosTP,DEVSIEWEB
dbo,spROLCONTPSelConceptosRollosTP,DEVSIEWEB
dbo,spROLCONTPUpdConceptosRollosTP,DEVSIEWEB
dbo,spROLCONUpdConceptosRollos,DEVSIEWEB
dbo,spROLEMBSelNumeroEmbalaje,DEVSIEWEB
dbo,spROLEMBUpdNumeroEmbalaje,DEVSIEWEB
dbo,spROLMEDSelMedidasRollos,DEVSIEWEB
dbo,spROLPROSelPronosticoRollos,DEVSIEWEB
dbo,spROLPROTPSelPronosticoRollosTP,DEVSIEWEB
dbo,spROLPROTPSelReporteRollosTP,DEVSIEWEB
dbo,spROLPROTPUpdAcumRollsMes,DEVSIEWEB
dbo,SpROLSOLTPInsRegisSolitud,DEVSIEWEB
dbo,SpRPTSOLROLInsCrearSolicitudRollo,DEVSIEWEB
dbo,spRSOperacionesDoc,DEVSIEWEB
dbo,spSALPROPAGSelConsultarSaldo,DEVSIEWEB
dbo,spSALPROPAGSelValidarSaldoPPV2,DEVSIEWEB
dbo,spSAPCABUpdActualizarCabecera,DEVSIEWEB
dbo,spSAPCABUpdActualizarEstado,DEVSIEWEB
dbo,spSAPCONCUESelConceptoCuentaSap,DEVSIEWEB
dbo,spSAPCUEInsCuentaSAP,DEVSIEWEB
dbo,spSAPCUESelCuenta,DEVSIEWEB
dbo,spSAPINTEJEInsAdicionaSapInterfaceEjecucion,DEVSIEWEB
dbo,spSAPINTEJESelDatosSapInterfaceEjecucion,DEVSIEWEB
dbo,spSAPINTEJEUpdActualizaSapInterfaceEjecucion,DEVSIEWEB
dbo,spSAPPOSSelConsultarListaBasica,DEVSIEWEB
dbo,spSAPPOSSelPorId,DEVSIEWEB
dbo,spSAPPOSUpdActualizarCabeceraRetorno,DEVSIEWEB
dbo,spSAPPOSUpdActualizarPosicion,DEVSIEWEB
dbo,spSAPPROCUEInsCuentasCashInOutProyecto,DEVSIEWEB
dbo,spSAPPROCUESelCuentasCashInOutProyecto,DEVSIEWEB
dbo,spSAPPROCUEUpdCuentasCashInOutProyecto,DEVSIEWEB
dbo,spSECInsSeccion,DEVSIEWEB
dbo,spSECSelSeccion,DEVSIEWEB
dbo,spSECSelSeccionxID,DEVSIEWEB
dbo,spSecSelSector,DEVSIEWEB
dbo,spSECUpdEliminarSeccion,DEVSIEWEB
dbo,spSECUpdSeccion,DEVSIEWEB
dbo,spSEGInsRegistrarIDCajaPS,DEVSIEWEB
dbo,spSEGSelDepartamentos,DEVSIEWEB
dbo,spSEGSelPuntosDisponibles,DEVSIEWEB
dbo,spSEGSelRolesUsuario,DEVSIEWEB
dbo,spSEGSelVersionPS,DEVSIEWEB
dbo,spSEGUpdEsNuevaVersionPS,DEVSIEWEB
dbo,spSelAplicaciones,DEVSIEWEB
dbo,spSelAreas,DEVSIEWEB
dbo,spSelAsignacionVirtualFCT,DEVSIEWEB
dbo,spSelAsignacionVirtualOS,DEVSIEWEB
dbo,spSelBancos,DEVSIEWEB
dbo,spSelCachePuntosServicio,DEVSIEWEB
dbo,spSelCajasPS,DEVSIEWEB
dbo,spSelCantidadRegSinEnviarPeopleSoft,DEVSIEWEB
dbo,spSelCCEDepartamentos,DEVSIEWEB
dbo,spSelCEComisionProyectoMovilizado,DEVSIEWEB
dbo,spSelCEComisionProyectoOperacion,DEVSIEWEB
dbo,spSelCETipoLiquidacion,DEVSIEWEB
dbo,spSelClasificacionTributariaClientes,DEVSIEWEB
dbo,spSelClienteEmp,DEVSIEWEB
dbo,spSelClienteEmpRta,DEVSIEWEB
dbo,spSelClienteNovedadesConciliacion,DEVSIEWEB
dbo,spSelClientesBancosTransportadora,DEVSIEWEB
dbo,SpSelCLIHABselClienteHabilitado,DEVSIEWEB
dbo,spSelCOLTRANDATTransaccionesPendientesDatafono,DEVSIEWEB
dbo,spSelConfiguracionAgendaNotificacionCorreo,DEVSIEWEB
dbo,spSelConsignaciones,DEVSIEWEB
dbo,spSelConsultarConceptosMDC,DEVSIEWEB
dbo,spSelConsultarConceptosMDCtipoPS,DEVSIEWEB
dbo,spSelConsultarConceptosPorPS,DEVSIEWEB
dbo,spSelConsultarConceptosPorTipoOP,DEVSIEWEB
dbo,spSelConsultarConceptosPorTipoPS,DEVSIEWEB
dbo,spSelConsultarConfigCargaArchivo,DEVSIEWEB
dbo,spSelConsultarPSporMunicipioAlerta,DEVSIEWEB
dbo,spSelConsultarTipoEnvioAnticipos,DEVSIEWEB
dbo,spSelCtaCiuCuentasBancariasPorProyecto,DEVSIEWEB
dbo,spSelDepartamentos,DEVSIEWEB
dbo,spSelEstados,DEVSIEWEB
dbo,spSelGestionClienteNovedadesConciliacion,DEVSIEWEB
dbo,spSelGrupos,DEVSIEWEB
dbo,spSelHorariosXProyecto,DEVSIEWEB
dbo,spSelInformacionUsuario,DEVSIEWEB
dbo,spSelListaPuntosServicioCache,DEVSIEWEB
dbo,spSelListaRefrescarPSCache,DEVSIEWEB
dbo,spSelMDC_AnticiposPendientes,DEVSIEWEB
dbo,spSelMDC_AutorizacionesContables,DEVSIEWEB
dbo,spSelMDC_ConceptosAutoContables,DEVSIEWEB
dbo,spSelMDCClientesTransportadora,DEVSIEWEB
dbo,spSelMDCCuentas,DEVSIEWEB
dbo,spSelMDCCuentasXBanco,DEVSIEWEB
dbo,spSelMDCMotivosValidacion,DEVSIEWEB
dbo,spSelMDCOtrosConceptos,DEVSIEWEB
dbo,SPSelMDCPREConsultaSolicitudesOtrosPrestamos,DEVSIEWEB
dbo,spSelMDCSaldosFinalesMDC,DEVSIEWEB
dbo,spSelMDCValoresTransportadora,DEVSIEWEB
dbo,spSelMensajesPuntoServicio,DEVSIEWEB
dbo,spSelMonitorLogisticaPendienteXConsignar,DEVSIEWEB
dbo,spSelMonitorLogisticaPendienteXPagar,DEVSIEWEB
dbo,spSelMotivosSolicitud,DEVSIEWEB
dbo,spSelMovPeopleIdcontrol,DEVSIEWEB
dbo,spSelMunicipios,DEVSIEWEB
dbo,spSelMunicipiosPorRegionales,DEVSIEWEB
dbo,spSelMunicipiosQuery,DEVSIEWEB
dbo,spSelMunicipiosSoloNombre,DEVSIEWEB
dbo,spSelNombreProcedimientoValidaCampos,DEVSIEWEB
dbo,spSelNombrePS,DEVSIEWEB
dbo,spSelNombrePuntoServicio,DEVSIEWEB
dbo,spSelNombreUsuario,DEVSIEWEB
dbo,spSelPaises,DEVSIEWEB
dbo,SpSelParametrosConfigProyectos,DEVSIEWEB
dbo,spSelParametrosGenerales,DEVSIEWEB
dbo,SpSelParametrosProyecto,DEVSIEWEB
dbo,spSelPasarelaAgrupacion,DEVSIEWEB
dbo,spSelPASBANCOMcodigoproyectoredbajovalor,DEVSIEWEB
dbo,spSelPASBANPROFORPAGcodigoproyecto,DEVSIEWEB
dbo,spSelPASFRAPasarelaFranquicias,DEVSIEWEB
dbo,spSelPASLIQcodigoProyecto,DEVSIEWEB
dbo,spSelPASREDBAJVALcodigoproyectoredbajovalor,DEVSIEWEB
dbo,spSelPASREDBAJVALRedesBajoValor,DEVSIEWEB
dbo,spSelPASREDENTCodigoProyecto,DEVSIEWEB
dbo,spSelPASSERredbajovalor,DEVSIEWEB
dbo,spSelPASTOPPROCodigoProyecto,DEVSIEWEB
dbo,spSelPeopleSoft_InterfasesPendientes,DEVSIEWEB
dbo,spSelPeopleSoft_InterfasesPendientesSieweb,DEVSIEWEB
dbo,spSelProdPagoTransDiarias,DEVSIEWEB
dbo,spSelProdPagoTransDiariasCampoClave,DEVSIEWEB
dbo,spSelProducto,DEVSIEWEB
dbo,spSelProyectoExtImagen,DEVSIEWEB
dbo,spSelProyectosPorProducto,DEVSIEWEB
dbo,spSelPsPagadorFCT,DEVSIEWEB
dbo,spSelPunSerCiudad,DEVSIEWEB
dbo,spSelPuntoServicio,DEVSIEWEB
dbo,spSelPuntoServicioHorario,DEVSIEWEB
dbo,spSelPuntoServIdRed,DEVSIEWEB
dbo,spSelPuntosServicio,DEVSIEWEB
dbo,spSelRegContablesNoProcesados,DEVSIEWEB
dbo,spSelRegionales,DEVSIEWEB
dbo,spSelRegSinEnviarPeopleSoft,DEVSIEWEB
dbo,spSelRequerimientoLiquidez,DEVSIEWEB
dbo,spSelRiesgoPS,DEVSIEWEB
dbo,spSelSACMovimientoReport,DEVSIEWEB
dbo,spSelSistemaPs,DEVSIEWEB
dbo,spSelSolicitud,DEVSIEWEB
dbo,spSelsolicitudesActivacionGiros,DEVSIEWEB
dbo,spSelSubClasificacionTributariaClientes,DEVSIEWEB
dbo,spSelTarifaGiroPS,DEVSIEWEB
dbo,spSelTarifasGiros,DEVSIEWEB
dbo,spSelTarifasGirosPS,DEVSIEWEB
dbo,spSelTIPCOMPROformaPagoTipoPasarelaAgruparCodigoProducto,DEVSIEWEB
dbo,spSelTIPCOMPROformaPagoTipoPasarelaCodigoProducto,DEVSIEWEB
dbo,spSelTipoIdentificacion,DEVSIEWEB
dbo,spSelTipoPsporTipoPS,DEVSIEWEB
dbo,spSelTiposIdentificacion,DEVSIEWEB
dbo,spSelTIPPAGTipoPagoProductoPasarela,DEVSIEWEB
dbo,spSelTotalAnticiposFechaPS,DEVSIEWEB
dbo,spSelTransportadora,DEVSIEWEB
dbo,spSelUsuarioArea,DEVSIEWEB
dbo,spSelUsuarioEmail,DEVSIEWEB
dbo,spSelValoresCamposClave,DEVSIEWEB
dbo,spSERPUBInsExportarCuponHistorico,DEVSIEWEB
dbo,spSERPUBSelConsultarCuponesHistorico,DEVSIEWEB
dbo,spSERPUBSelConsultarFactura,DEVSIEWEB
dbo,spSERPUBSelConsultarFacturas,DEVSIEWEB
dbo,spSERPUBUpdActualizarDevPago,DEVSIEWEB
dbo,spSINCATRIESelCategoriasRiesgo,DEVSIEWEB
dbo,spSINCATRIESelCategoriasRiesgoNivel3,DEVSIEWEB
dbo,spSINCLASelSiniestrosClasificacion,DEVSIEWEB
dbo,SpSINInsSiniestro,DEVSIEWEB
dbo,spSINRECSelSiniestrosRecuperacion,DEVSIEWEB
dbo,spSINRECSelTipoSiniestroRecuperacion,DEVSIEWEB
dbo,SpSINSelSiniestros,DEVSIEWEB
dbo,spSINTIPSelSiniestrosNiif,DEVSIEWEB
dbo,spSINTIPSelTiposArhchivoSiniestro,DEVSIEWEB
dbo,spSINTIPSelTipoSiniestro,DEVSIEWEB
dbo,SpSINUpdCliente,DEVSIEWEB
dbo,SpSINUpdSiniestros,DEVSIEWEB
dbo,SpSINUpdSiniestrosEstados,DEVSIEWEB
dbo,spSMSARCDETInsInformacionGeneral,DEVSIEWEB
dbo,spSMSARCDETSelInformacionGeneral,DEVSIEWEB
dbo,spSMSARCInsInformacionGeneral,DEVSIEWEB
dbo,spSMSARCSelNombres,DEVSIEWEB
dbo,spSOAMETODInsRegistroMetodoSOA,DEVSIEWEB
dbo,spSOAMETODSelConsultarMetodosSOA,DEVSIEWEB
dbo,spSOAMETODSelConsultarTodosMetodosSOA,DEVSIEWEB
dbo,spSOAMETODUpdActualizacioMetodoSOA,DEVSIEWEB
dbo,spSOAREGAPPDelReglasTransaccion,DEVSIEWEB
dbo,spSOAREGAPPInsReglasTransaccion,DEVSIEWEB
dbo,spSOAREGAPPPAPDelReglasTransaccionPAP,DEVSIEWEB
dbo,spSOAREGAPPPAPInsReglasTransaccionPAP,DEVSIEWEB
dbo,spSOAREGAPPPAPUpdReglasTransaccionPAP,DEVSIEWEB
dbo,spSOAREGPAPSelReglasRedPAP,DEVSIEWEB
dbo,spSOAREGSelReglasContratistaPAP,DEVSIEWEB
dbo,spSOAREGUpdActualiceValor,DEVSIEWEB
dbo,spSOAROLAPLInsRolesAplicacionxModulo,DEVSIEWEB
dbo,spSOASERVInsRegistarServicioSOA,DEVSIEWEB
dbo,spSOASERVIUpdActualizacionServiciosSOA,DEVSIEWEB
dbo,spSOASERVSelConsultarServiciosSOA,DEVSIEWEB
dbo,spSOAUSUINSUsuariosSOA,DEVSIEWEB
dbo,spSOAUSUSELUsuariosSOA,DEVSIEWEB
dbo,spSOAUSUSELUsuariosSOATP,DEVSIEWEB
dbo,spSOAUSUSELUsuariosSOAxUsuario,DEVSIEWEB
dbo,spSOAUSUUPDUsuariosSOA,DEVSIEWEB
dbo,spSOLASIPAPTRAInsSolicitudAsignacionTransportadoraPAP,DEVSIEWEB
dbo,SpSOLASIPAPTRASelSolicitudesDeAsignacionTransportadora,DEVSIEWEB
dbo,spSOLASIPAPTRASelTransportadoraAsignada,DEVSIEWEB
dbo,spSOLASIPAPTRASelTransportadoraDisponible,DEVSIEWEB
dbo,spSOLASIPAPTRASelTransportadoraDisponibleXMunicipio,DEVSIEWEB
dbo,spSOLASIPAPTRAUpdEstadoSolicitudAsignacionTransportadoraPAP,DEVSIEWEB
dbo,SpSOLInsSolicitudInsumosVideo,DEVSIEWEB
dbo,spSOLPSDOCConsultarDocumentosSolicitud,DEVSIEWEB
dbo,spSOLPSDOCInsInsertarImagenModificacion,DEVSIEWEB
dbo,spSOLPSDOCInsInsertarImagenSolicitud,DEVSIEWEB
dbo,spSOLPSDOCSelConsultarImagenDocumento,DEVSIEWEB
dbo,spSOLPSEliminarSolicitudPagoAutorizadoWebLive,DEVSIEWEB
dbo,spSOLPSInsSaldoDisponible,DEVSIEWEB
dbo,spSOLPSMOTSelConsultarDatosTrasladosSAC,DEVSIEWEB
dbo,spSOLPSSelConsultarDatosSolicitudes,DEVSIEWEB
dbo,spSOLPSSelConsultarDatosSolicitudesCupon,DEVSIEWEB
dbo,spSOLPSSelConsultarDevolucionCE,DEVSIEWEB
dbo,spSOLPSSelConsultarDevolucionFE,DEVSIEWEB
dbo,spSOLPSSelConsultarListaSolicitudes,DEVSIEWEB
dbo,spSOLPSSelConsultarSolicitudes,DEVSIEWEB
dbo,spSOLPSSelConsultarSolicitudesHuella,DEVSIEWEB
dbo,spSOLPSSelConsultarSolicitudesPagoAutorizado,DEVSIEWEB
dbo,spSOLPSSelEstadoSolicitud,DEVSIEWEB
dbo,spSOLPSSelRefrescarCache,DEVSIEWEB
dbo,spSOLPSSelSaldoDisponible,DEVSIEWEB
dbo,spSOLPSSelValidarConceptoMDC,DEVSIEWEB
dbo,spSOLPSSelValidarDevolucionFe,DEVSIEWEB
dbo,spSOLPSSelValidarPagoDevolucionCup,DEVSIEWEB
dbo,spSOLPSSelValidarPagoDevolucionOs,DEVSIEWEB
dbo,spSOLPSSelValidarRecDevolucionCB,DEVSIEWEB
dbo,spSOLPSSelVerificarSolExistente,DEVSIEWEB
dbo,spSOLPSUpdAprobarSolicitudHuellaSoli,DEVSIEWEB
dbo,spSOLPSUpdAprobarSolicitudPagoAutorizado,DEVSIEWEB
dbo,spSOLPSUpdConfirmarDevolucionFE,DEVSIEWEB
dbo,spSOLPSUpdOsReemplazo,DEVSIEWEB
dbo,spSOLPSUpdRechazarSolicitud,DEVSIEWEB
dbo,spSOLPSUpdRechazarSolicitudDevolucion,DEVSIEWEB
dbo,spSOLPSUpdRechazarSolicitudDevolucionFE,DEVSIEWEB
dbo,spSOLPSUpdRechazarSolicitudHuella,DEVSIEWEB
dbo,spSOLPSUpdReversarSolicitudDevolucion,DEVSIEWEB
dbo,spSOLPSUpdReversarSolicitudDevolucionFE,DEVSIEWEB
dbo,spSOLPSUpdSaldoDisponible,DEVSIEWEB
dbo,spSOLSelDocumentosSolicitudPS,DEVSIEWEB
dbo,SpSOLSelSolicitudInsumosVideo,DEVSIEWEB
dbo,spSOLUpdAprobarSolicitudDevolucionFE,DEVSIEWEB
dbo,SpSOLUpdSolicitudesInsVid,DEVSIEWEB
dbo,SpSysObtenerFormatoFecha,DEVSIEWEB
dbo,spTABSelConsultaEstructuraTabla,DEVSIEWEB
dbo,spTABVERSelTablasPorVersion,DEVSIEWEB
dbo,spTADDELProductoSectorGrupoRiesgo,DEVSIEWEB
dbo,spTADDELTarifasCaja,DEVSIEWEB
dbo,spTADINSProductoSectorGrupoRiesgo,DEVSIEWEB
dbo,spTADINSTipoAdicionesYDescuentos,DEVSIEWEB
dbo,spTADSELGruposRiesgo,DEVSIEWEB
dbo,spTADSELProductosYSectores,DEVSIEWEB
dbo,spTADSELTarifasCaja,DEVSIEWEB
dbo,spTADSELTipoAdicionesYDescuentos,DEVSIEWEB
dbo,spTADUPDINSTarifasCaja,DEVSIEWEB
dbo,spTADUPDProductoSector,DEVSIEWEB
dbo,spTADUPDTipoAdicionesYDescuentos,DEVSIEWEB
dbo,spTAGDELTarifasGirosDetalle,DEVSIEWEB
dbo,spTAGSELTarifasGiros,DEVSIEWEB
dbo,spTAGSELTarifasGirosps,DEVSIEWEB
dbo,spTAGUPDINSTarifasGiros,DEVSIEWEB
dbo,spTAGUPDINSTarifasGirosDetalle,DEVSIEWEB
dbo,spTARDETInsInformacionGeneral,DEVSIEWEB
dbo,spTARDETSelInformacionGeneral,DEVSIEWEB
dbo,spTARGIRPSSelTarifa,DEVSIEWEB
dbo,spTARInsGuardarTarifasPorProyecto,DEVSIEWEB
dbo,spTARInsInformacionGeneral,DEVSIEWEB
dbo,SpTARMUNInsCrearTarifaMunicipio,DEVSIEWEB
dbo,SpTARMUNSelConsultarTarifaMunicipio,DEVSIEWEB
dbo,SpTARMUNUpdActualizarEstadoTarifaMunicipio,DEVSIEWEB
dbo,spTARPAYWSInsInformacionValor,DEVSIEWEB
dbo,spTARPAYWSSelInformacionValor,DEVSIEWEB
dbo,SpTARTRAInsCrearTarifaTransportadora,DEVSIEWEB
dbo,SpTARTRASelConsultarTarifaTransportadora,DEVSIEWEB
dbo,SpTARTRASelCostoTransportadoraPorMunicipio,DEVSIEWEB
dbo,SpTARTRAUpdEditarTarifaTransportadora,DEVSIEWEB
dbo,spTerAutPSDelTermAutPS,DEVSIEWEB
dbo,spTerAutPSSelConsultarTermAutPS,DEVSIEWEB
dbo,spTerAutPSSelEliminarTermAutoPsBD,DEVSIEWEB
dbo,spTerAutPSSelTermAutoPsBD,DEVSIEWEB
dbo,spTerAutPSUpdActualizarTermAutPS,DEVSIEWEB
dbo,SpTERPORPARREDInsParam,DEVSIEWEB
dbo,spTERPORPARREDSelParam,DEVSIEWEB
dbo,spTERPORPARREDSelValidParam,DEVSIEWEB
dbo,spTERPORPARREDUpdParam,DEVSIEWEB
dbo,spTERPSSelCajasCredencialTransmision,DEVSIEWEB
dbo,spTERPSSelConsultarRetailPunto,DEVSIEWEB
dbo,spTERPSSelReporteTerminalesPortables,DEVSIEWEB
dbo,spTIPCOMSelTiposLiqPorProyecto,DEVSIEWEB
dbo,SpTIPCONSelDatosContribuyente,DEVSIEWEB
dbo,SpTIPCONSelTipoContribuyentes,DEVSIEWEB
dbo,spTIPCORERRSelTiposCorreoError,DEVSIEWEB
dbo,spTIPIDESelActivos,DEVSIEWEB
dbo,spTIPIDESelTiposDocumentosReporteEnrolamiento,DEVSIEWEB
dbo,spTIPIDESelTodos,DEVSIEWEB
dbo,spTIPIDETIPMOVSelTipoDocumento,DEVSIEWEB
dbo,spTIPMOVSelDescripcionTipoMovimiento,DEVSIEWEB
dbo,spTIPMOVSelTipoOperacion,DEVSIEWEB
dbo,spTIPMOVSelTiposMovimientoCorresponsal,DEVSIEWEB
dbo,spTIPMOVSelTiposMovimientosProyecto,DEVSIEWEB
dbo,spTIPNOTCORDelTipoNotificacion,DEVSIEWEB
dbo,spTIPNOTCORIntTipoNotificacion,DEVSIEWEB
dbo,spTIPNOTCORSelTipoNotificacion,DEVSIEWEB
dbo,spTIPNOTCORUpdTipoNotificacion,DEVSIEWEB
dbo,SpTIPNOVSelTipoNovedades,DEVSIEWEB
dbo,spTIPOCUESelConsultarTiposCuenta,DEVSIEWEB
dbo,SpTipoNotaSelTipoNota,DEVSIEWEB
dbo,spTIPOPEPRODelTiposOperacion,DEVSIEWEB
dbo,spTIPOPEPROPAGSelConsultarConceptos,DEVSIEWEB
dbo,spTIPOPEPROPAGSelConsultarTiposOperacion,DEVSIEWEB
dbo,spTIPOPEPROPAGUpdActualizarTiposOperacion,DEVSIEWEB
dbo,SpTIPOPERSelTipoPersonaContratista,DEVSIEWEB
dbo,SpTIPOSOLSelSolicitudInsumosVideo,DEVSIEWEB
dbo,spTIPPAPSelListadoTips,DEVSIEWEB
dbo,spTIPPAPSelTipsXPAP,DEVSIEWEB
dbo,spTIPPAPUpdActualizarTipXId,DEVSIEWEB
dbo,spTIPPSUpdActualizarTopesTipoPS,DEVSIEWEB
dbo,spTIPRECSelCausaldeRechazo,DEVSIEWEB
dbo,SpTIPSERSelConsultarTipoServicioTransportadora,DEVSIEWEB
dbo,spTIPTARLIQPROSelTarifaProyecto,DEVSIEWEB
dbo,spTIPTARLIQPROUpdTarifaProyecto,DEVSIEWEB
dbo,spTIPTARLIQSelConsultarTiposTarifas,DEVSIEWEB
dbo,spTIPTARLIQSelConsultarTiposTarifasPasarela,DEVSIEWEB
dbo,spTIPTARLIQSelTarifasLiquidacion,DEVSIEWEB
dbo,SpTIPTARSelConsultarTipoTarifaTransportadora,DEVSIEWEB
dbo,spTIPTERDelTipoTerminal,DEVSIEWEB
dbo,spTIPTERSelConsultarTiposTerminal,DEVSIEWEB
dbo,spTIPTERSelEliminarTipoTerminalBD,DEVSIEWEB
dbo,spTIPTERSelTipoTerminalBD,DEVSIEWEB
dbo,spTIPTERUpdActualizarTipoterminal,DEVSIEWEB
dbo,spTIPTOPMEDPAGSelTiposTopesMediosPago,DEVSIEWEB
dbo,spTIPTRANSelTipoTransaccion,DEVSIEWEB
dbo,spTOKINTInsRenuevaToken,DEVSIEWEB
dbo,spTOKINTSelObtieneToken,DEVSIEWEB
dbo,spTOPMEDPAGDelTopeMedioPago,DEVSIEWEB
dbo,spTOPMEDPAGInsTopeMedioPago,DEVSIEWEB
dbo,spTOPMEDPAGSelTopesMediosPago,DEVSIEWEB
dbo,spTOPMEDPAGUpdAcumuladosMDP,DEVSIEWEB
dbo,spTOPMEDPAGUpdTopesMediosPago,DEVSIEWEB
dbo,spTOPPARActualizarTopesParametrizacion,DEVSIEWEB
dbo,spTOPPARConsultarTopesParametrizacion,DEVSIEWEB
dbo,spTOPPARCrearTopesParametrizacion,DEVSIEWEB
dbo,spTOPPAREliminarTopesParametrizacion,DEVSIEWEB
dbo,SpTOPPROInsTopesOperacionProyecto,DEVSIEWEB
dbo,SpTOPPROSelTopesOperacionProyecto,DEVSIEWEB
dbo,spTOPPROSelValidarProductoPagoEnLinea,DEVSIEWEB
dbo,spTOPPROSelValidarTopeDiario,DEVSIEWEB
dbo,spTOPPROSelValidarTopesProyecto,DEVSIEWEB
dbo,spTOPPROUpdActualizarTopeDiario,DEVSIEWEB
dbo,SpTOPPROUpdTopesOperacionProyecto,DEVSIEWEB
dbo,SpTOPSelLimitesOperacion,DEVSIEWEB
dbo,SpTOPSelLimitesOperacionMasivo,DEVSIEWEB
dbo,spTRACLIPASSelTransaccionesPSE,DEVSIEWEB
dbo,spTRAInsCrearTransportadora,DEVSIEWEB
dbo,spTRANSelTransaccionesPendientesBilletera,DEVSIEWEB
dbo,SpTRASelTransportadora,DEVSIEWEB
dbo,spTRAUpdEditarTransportadora,DEVSIEWEB
dbo,SpUpdCONMODFRETransaccionesPendienteDatafono,DEVSIEWEB
dbo,spUpdMDC_AutorizacionesContables,DEVSIEWEB
dbo,SPUpdMDCPRERechazarPrestamoPS,DEVSIEWEB
dbo,SpUpdParametrosConfigProyecto,DEVSIEWEB
dbo,spUpdPASBANCOMEstado,DEVSIEWEB
dbo,spUpdPASBANPROFORPAGPasarelaBancosProyectosFormaPago,DEVSIEWEB
dbo,spUpdPASFRACOMEstado,DEVSIEWEB
dbo,spUpdPASLIQApasarelaLiqAgrupacion,DEVSIEWEB
dbo,spUpdPASLIQpasarelaLiquidacion,DEVSIEWEB
dbo,spUpdPASREDENTEstado,DEVSIEWEB
dbo,spUpdPASREDENTpasarelaRedEntidad,DEVSIEWEB
dbo,spUpdPASSERREDestado,DEVSIEWEB
dbo,spUpdPASTOPPROPasarelaTopesProyecto,DEVSIEWEB
dbo,spUpdProyectoInputNormalizer,DEVSIEWEB
dbo,spUpdPSEstadoCajaPS,DEVSIEWEB
dbo,spUpdRegContablesNoProcesados,DEVSIEWEB
dbo,spUpdRepositorioErroresPeopleSoft,DEVSIEWEB
dbo,spUpdSolicitudPS,DEVSIEWEB
dbo,spUpdTarifasGirosPS,DEVSIEWEB
dbo,spUpdTriggerSincroProyectos,DEVSIEWEB
dbo,spUpMDCActualizarCuenta,DEVSIEWEB
dbo,spUSUCAJAPEInsAutenticacionCajero,DEVSIEWEB
dbo,spUSUCONMODUpdEliminarHuellaCajero,DEVSIEWEB
dbo,spUSUDELUsuarioCliente,DEVSIEWEB
dbo,spUsuDELUsuarioGrupo,DEVSIEWEB
dbo,spUSUECODelUsuarioCanalesVirtuales,DEVSIEWEB
dbo,spUSUECOSelInfoEstado,DEVSIEWEB
dbo,spUSUGRUSelCorreosUsuarios,DEVSIEWEB
dbo,spUSUGRUSelPerfilesListasRestri,DEVSIEWEB
dbo,spUSUINSUsuarioCliente,DEVSIEWEB
dbo,spUsuINSUsuarioGrupo,DEVSIEWEB
dbo,spUSUINSUsuariosLive,DEVSIEWEB
dbo,spUSUSelConsultaCajero,DEVSIEWEB
dbo,spUSUSelConsultarUsuarioHabilitado,DEVSIEWEB
dbo,spUSUSelConsultarUsuariosEnrolados,DEVSIEWEB
dbo,spUSUSelConsultarUsuariosNoEnrolados,DEVSIEWEB
dbo,spUSUselEsUsuarioCajero,DEVSIEWEB
dbo,spUSUSelExisteUsuarioGrupo,DEVSIEWEB
dbo,SpUSUSelHuella,DEVSIEWEB
dbo,spUSUselInfoBasica,DEVSIEWEB
dbo,spUSUSelInfoUsuario,DEVSIEWEB
dbo,SpUSUSelPunServicioUsuario,DEVSIEWEB
dbo,spUSUSelUsuario,DEVSIEWEB
dbo,spUSUSelUsuarioGrupo,DEVSIEWEB
dbo,spUSUSELUsuariosDG,DEVSIEWEB
dbo,spUSUSELUsuariosFiltrado,DEVSIEWEB
dbo,spUSUSELUsuariosLive,DEVSIEWEB
dbo,spUSUSelUsuariosMantenimientoPAP,DEVSIEWEB
dbo,spUSUSelUsuarioSupervisorMantenimiento,DEVSIEWEB
dbo,spUSUUdpConfronta,DEVSIEWEB
dbo,spUSUUpdHuellaUsuario,DEVSIEWEB
dbo,spUSUUpdIdentificacion,DEVSIEWEB
dbo,spUSUUPDUsuariosLive,DEVSIEWEB
dbo,spVALFORCAMSelExpresionesReguPorId,DEVSIEWEB
dbo,spVALFORCAMSelValidacion,DEVSIEWEB
dbo,spVALFORCAMUpdValidacionDinamica,DEVSIEWEB
dbo,spVARNOCONDelVariablesNoControlables,DEVSIEWEB
dbo,spVARNOCONInsVariablesNoControlables,DEVSIEWEB
dbo,spVARNOCONSelVariablesNoControlables,DEVSIEWEB
dbo,spVARNOCONSelVariablesNoControlablesPorId,DEVSIEWEB
dbo,spVARNOCONUpdVariablesNoControlables,DEVSIEWEB
dbo,spVerDELVersionDGUsuariosLive,DEVSIEWEB
dbo,spVerINSVersionDGUsuariosLive,DEVSIEWEB
dbo,spVerSelVersionesDG,DEVSIEWEB
dbo,spvwREPSELDIASel,DEVSIEWEB
dbo,spWCFInsWcfBehavior,DEVSIEWEB
dbo,spWCFInsWcfBinding,DEVSIEWEB
dbo,spWCFInsWcfEndPoint,DEVSIEWEB
dbo,spWCFInsWcfExtension,DEVSIEWEB
dbo,spWCFSelWcfBehavior,DEVSIEWEB
dbo,spWCFSelWcfBinding,DEVSIEWEB
dbo,spWCFSelWcfEndPoint,DEVSIEWEB
dbo,spWCFSelWcfExtension,DEVSIEWEB
dbo,spWCFSelWcfExtensioniD,DEVSIEWEB
dbo,spWCFUpdWcfBehavior,DEVSIEWEB
dbo,spWCFUpdWcfBinding,DEVSIEWEB
dbo,spWCFUpdWcfEndPoint,DEVSIEWEB
dbo,spWCFUpdWcfExtension,DEVSIEWEB
dbo,spCURNOTSelValidacionNotifiWiki,WIKI
dbo,spNOTSelNotificacionesWiki,WIKI
dbo,spNOTUpdNotificacionesWiki,WIKI
dbo,spTARDETDelInformacionGeneral,DB_MSTRANSACCION
dbo,spTARDETInsInformacionGeneral,DB_MSTRANSACCION
dbo,spTARDETSelInformacionGeneral,DB_MSTRANSACCION
dbo,spTARInsInformacionGeneral,DB_MSTRANSACCION
dbo,spTARSelInformacionGeneral,DB_MSTRANSACCION
dbo,spTARUpdInformacionGeneral,DB_MSTRANSACCION
dbo,spTIPTRASelTiposTransaccion,DB_MSTRANSACCION
dbo,spTRASelInformacionGeneral,DB_MSTRANSACCION
